age_days,release_frequency,dependency_count,dependency_growth,maintainer_count,maintainer_changes,has_install_script,obfuscation_score,network_call_count,vulnerability_history_count,license_change_indicator,reputation_score,is_suspicious
5,3.91756675348368,32,19,1,1,1,0.9967973793233527,6,1,0,27,1
1866,20.074645318249527,6,2,14,1,0,0.00450541531039388,1,1,0,58,0
310,23.41561166071258,14,0,7,0,0,0.00284469007691651,0,2,0,53,0
1340,10.871199648116209,14,0,14,0,0,0.05405007678299298,0,2,0,91,0
2025,16.528221406442366,7,0,19,0,0,0.010193167972293912,1,1,0,83,0
1802,14.415129909700044,14,2,16,0,0,0.02503906907070273,1,0,0,63,0
1990,7.246081589273917,11,2,6,0,0,0.010935667823044233,0,1,0,62,0
2131,9.584975732643455,11,1,9,0,0,0.032765472777479356,0,3,0,95,0
2957,9.725247568215746,1,1,5,0,0,0.027598005435750448,1,2,0,60,0
2523,21.00455306367935,13,1,11,0,0,0.011237339317615279,2,1,0,52,0
2433,8.610455348750953,7,2,18,0,0,0.02272024171556065,2,1,0,76,0
1574,13.986468172937052,5,1,12,0,0,0.03654212996351145,2,3,0,94,0
1134,14.408641801785857,2,0,7,0,0,0.02511273482983189,0,1,0,78,0
2566,5.102569439068586,1,0,15,0,0,0.0036505491859084296,2,3,0,88,0
579,9.888599346660385,2,0,17,0,0,0.012896534022538651,2,3,0,96,0
433,16.643034415379383,8,0,7,1,0,0.003616075891591927,0,2,0,51,0
2628,8.90425343000937,3,2,3,0,0,0.024784239310138925,2,1,0,61,0
1050,14.91394022188244,4,1,6,0,0,0.0058611605834859365,2,3,0,77,0
200,12.525021246030533,8,2,19,0,0,0.02565758108755412,0,3,0,79,0
81,4.540702383607942,30,12,1,3,1,0.8577660005033801,7,0,1,11,1
2959,2.0695134881215065,8,0,18,0,0,0.08533730357765817,0,3,0,94,0
1787,12.534855614033878,8,1,13,0,0,0.012454202315166526,2,0,0,64,0
73,4.869204689551845,9,3,1,1,0,0.8220778985739995,8,0,0,13,1
1527,10.525455159549216,7,2,8,1,0,0.01589048051126677,1,1,0,88,0
119,2.584533529333623,49,19,1,1,1,0.8244069755146337,9,1,0,11,1
571,4.052437037843379,9,2,13,0,0,0.0009539939626912269,2,1,0,98,0
1661,17.882684539554045,11,0,13,0,0,0.0062822100963536125,1,2,0,60,0
1371,11.086385236361016,3,1,4,0,0,0.012898304455193438,2,0,0,92,0
460,23.534996530654002,12,1,7,0,0,0.009458896960360334,1,2,0,83,0
2927,18.848004761814877,10,0,4,0,0,0.018943568701513504,1,3,0,58,0
2285,22.85719331740361,13,1,19,0,0,0.00807862302663207,1,2,0,63,0
738,1.0671837502913262,1,0,3,0,0,0.010171274848200547,1,0,0,83,0
2719,18.394087131503408,9,2,6,0,0,0.005877406717115972,0,0,0,86,0
422,19.150699471540822,1,0,16,0,0,0.03201166279684579,2,1,0,62,0
1007,3.283950663334938,0,0,11,0,0,0.01102947183515725,2,3,0,80,0
1953,6.220187970403376,3,2,3,2,0,0.0015966143280166116,0,2,0,64,0
1065,18.956832623620723,8,2,10,1,0,0.010360779256413379,2,0,0,99,0
1566,3.668521671007894,12,0,17,0,0,0.014181231286513994,2,1,0,96,0
1164,13.233992250058057,10,1,17,0,0,0.013127672386653813,1,2,0,82,0
1196,1.363885110608396,5,1,16,0,0,0.0055500341795476265,1,1,0,57,0
1208,16.340344890790867,6,2,2,0,0,0.0030054557181253606,0,2,0,80,0
92,2.1662400695791826,46,15,1,0,1,0.48144251875654837,8,0,0,11,1
2371,11.182490235929123,9,0,7,1,0,0.006713180252609764,2,0,0,85,0
1699,1.668641747910936,7,0,5,0,0,0.0004671224731055814,1,0,0,93,0
768,9.33005386037075,0,2,2,1,0,0.015700587498194682,2,0,0,76,0
516,11.016625451157665,8,2,15,1,0,0.024559888128083848,0,1,0,51,0
796,4.764727433701934,0,2,2,0,0,0.005663642188211844,1,2,0,70,0
1941,7.528054281540967,13,0,12,0,0,0.032115489217491425,2,0,0,91,0
1175,17.22386866458068,4,2,19,0,1,0.011166752075166235,1,2,0,51,0
2628,13.882109041198095,3,0,2,0,0,0.06331586146159791,0,0,0,80,0
2925,4.307730057240716,5,2,7,0,0,0.007343892531055082,2,3,0,68,0
1618,4.260811051123342,14,0,14,0,0,0.05632698837738745,0,1,0,99,0
986,3.5045462215638987,5,0,7,0,0,0.09053487912733033,0,3,0,89,0
382,13.109481465536962,12,1,8,0,0,0.01904679015491484,2,0,0,81,0
1243,16.15297661322162,3,2,14,0,0,0.04990513509143875,0,0,0,94,0
2421,11.328949135251776,5,2,6,0,0,0.04569952462685379,0,0,0,61,0
2941,5.320385608368804,14,1,14,0,0,0.018276507323473426,2,2,0,87,0
2613,14.82536199935955,0,0,8,1,0,0.019787048351318448,1,3,0,51,0
2314,1.7026375131477394,3,2,18,0,0,0.010315852113901293,0,0,0,60,0
2986,6.348681242403742,12,1,9,1,0,0.0005193295949250885,1,0,0,55,0
233,8.129998554951154,6,1,6,0,0,0.0019617818186092313,0,1,0,91,0
569,8.249358985239256,4,1,7,2,0,0.029523057549543725,0,3,0,72,0
1127,8.925893942293872,2,2,10,0,0,0.019747090336001003,1,2,0,86,0
230,20.216045436793536,1,1,16,1,0,0.018674958528540866,0,3,0,67,0
56,2.620787497863018,34,12,1,1,0,0.7523918861032493,7,0,0,28,1
46,4.431200142527964,9,12,1,2,1,0.4818340237857151,9,1,0,2,1
1552,7.8247357453940705,14,1,18,0,0,0.0005057592544216157,2,3,0,99,0
1163,14.198348844403807,12,1,15,0,0,0.04978352588656513,2,2,0,70,0
682,23.5085196102122,0,2,19,0,1,0.07500044397339582,2,3,0,52,0
182,19.585823494184087,7,0,18,1,0,0.0010109661554706755,1,0,0,89,0
190,10.353503609967412,0,1,8,1,0,0.0056124394243935085,2,3,0,78,0
2954,4.9252894466499635,9,0,17,0,1,0.0555567557276481,2,3,0,81,0
1552,16.447772475558686,2,1,5,0,0,0.04829549020173557,1,1,0,62,0
2242,12.76867189137477,3,2,11,0,0,0.038560543784191215,1,3,0,77,0
2965,5.499013280023846,7,0,10,1,0,0.0013576125623743097,2,0,0,76,0
2704,21.0867432196485,11,2,10,0,0,0.0084452567187171,2,0,0,82,0
2687,2.19359188892345,1,1,17,0,0,0.01894272304216496,1,2,0,50,0
2174,12.163256612677404,4,1,3,0,0,0.0454680060973693,1,2,0,61,0
1709,7.3883103462330055,5,2,15,0,0,0.005898921995865919,2,0,0,71,0
144,1.2786893562514765,43,5,1,2,1,0.8589171923124626,8,1,0,19,1
2161,18.981177586435678,5,2,6,1,0,0.018169271918816482,1,0,0,56,0
1395,4.888864618187828,5,1,15,0,0,0.005276736128500257,1,3,0,68,0
2917,9.670667464304442,8,0,13,0,0,0.015932664229483664,2,3,0,75,0
2234,18.799843100725298,14,2,8,0,0,0.010223816993684189,0,0,0,67,0
1196,19.051821928054245,6,1,11,0,0,0.00027508076107272814,0,2,0,83,0
906,6.336916064725437,9,2,14,0,0,0.013246265473834836,0,1,0,73,0
1262,10.141307608679108,12,1,10,0,0,0.0021019444295252666,2,3,0,93,0
1075,12.837124491190766,6,1,6,0,0,0.007713572832000314,2,1,0,95,0
2099,9.347718252457815,13,0,17,0,0,0.04193662139743898,1,1,0,64,0
2530,17.242443208157248,3,0,3,0,1,0.0062261625147149,1,1,0,51,0
2360,9.109859936363739,6,1,7,0,0,0.017203980947403656,0,1,0,79,0
893,15.757533903029154,12,0,10,0,0,0.0074558671328141405,0,0,0,51,0
2474,19.76221880059846,1,2,6,0,0,0.02955113610748619,0,3,0,61,0
819,11.922390500643028,11,2,4,0,0,0.02441793908223399,1,2,0,66,0
119,3.0500427633918195,13,15,1,1,1,0.642899317509901,7,0,0,11,1
121,3.3817544563856323,44,16,1,2,1,0.44768170201096336,4,0,0,22,1
1533,21.915974416193112,3,1,9,0,0,0.05268209505921158,1,1,0,59,0
984,4.503580557684316,12,1,17,0,0,0.046331014563811744,2,2,0,70,0
1100,12.075634826344649,2,0,19,0,0,0.002107914127032535,1,3,0,79,0
18,3.8067708605895914,35,6,1,1,1,0.4533611468532809,9,1,0,11,1
1935,20.976684645366642,0,1,9,0,0,0.028170362352067595,2,3,0,64,0
904,17.50415886882667,8,1,13,0,0,0.04709612864991173,0,2,0,85,0
1261,6.599993273311947,4,0,4,0,0,0.018945778148078518,0,0,0,71,0
808,5.180001386317649,9,2,2,0,0,0.0021086475107166725,1,1,0,54,0
1843,5.1042572002387585,0,0,10,0,0,0.0020239724592295157,0,3,0,68,0
1673,15.449476540655471,9,1,17,0,0,0.009023754022197395,0,3,0,69,0
684,4.990041708117016,6,0,12,0,0,0.009952579503509213,2,1,0,50,0
2229,19.830262313742352,8,2,9,0,0,0.005255598992550724,1,1,0,78,0
635,3.814665418479093,14,2,4,0,0,0.010492468292675918,1,0,0,71,0
255,3.1564091748478025,14,0,5,0,0,0.008831703858402347,2,3,0,96,0
976,21.635285842186235,13,0,6,0,0,0.015062329218758573,0,3,0,92,0
927,17.674566908253208,3,0,3,0,0,0.025333850364158,1,1,0,61,0
1457,14.576567487922674,11,2,9,0,0,0.04297468310985693,0,1,0,90,0
2107,14.733202714294555,3,0,18,0,0,0.031939219257400606,1,3,0,56,0
2662,18.422083350156598,5,1,7,0,0,0.010671554590162906,1,0,0,91,0
2003,10.897755082705187,13,1,7,1,0,0.04398115681956465,0,1,0,74,0
381,11.991204304511577,8,0,12,0,1,0.00211228332633057,2,2,0,64,0
1298,21.23684157930668,3,1,13,0,0,0.04413929354393612,0,1,0,66,0
805,21.66001742773224,13,2,16,0,0,0.024099890113955275,1,2,0,92,0
1220,22.83179841802178,6,2,3,0,0,0.012464237367669755,1,1,0,63,0
6,2.5771544448057235,40,19,1,1,1,0.7032525559158367,5,0,0,13,1
2384,20.592348448100797,1,2,5,0,0,0.04316909495371204,0,3,0,85,0
754,20.286631942765048,9,0,10,0,0,0.0018211232516109463,0,3,0,69,0
2624,3.621002598429295,12,2,8,1,0,0.03834048380644875,0,0,0,87,0
1895,6.0784604850697,8,2,11,0,0,0.033647367587905985,1,0,0,87,0
1884,15.62897678193927,9,1,8,2,0,0.00798379793659543,1,0,0,96,0
1965,12.697323657294305,4,0,16,0,1,0.041263291528411405,0,0,0,89,0
1721,7.056263026323602,12,1,4,0,0,8.767152258557362e-05,2,3,0,54,0
1970,5.614973400286509,1,2,14,0,0,0.009299847820666545,0,3,0,52,0
2635,22.53833099932419,14,0,9,0,0,0.0025935853616767496,0,1,0,70,0
9,2.3497365480996386,9,5,1,1,1,0.6558009432642076,8,0,0,13,1
1,4.6143034172325255,27,12,1,3,1,0.7155742595608244,3,0,1,1,1
942,13.70781314000268,12,2,18,0,0,0.009682827731986131,0,1,0,66,0
2444,13.409793071396617,6,1,14,0,0,0.04086772104490711,0,3,0,94,0
783,8.747331542805375,14,1,13,0,0,0.00457485194008057,0,0,0,67,0
2100,20.36771206016732,11,1,11,0,0,0.007975111991986125,2,2,0,50,0
60,4.579733744086396,36,4,1,0,1,0.48658148944711194,8,0,0,25,1
20,3.2963640876124,38,16,1,0,1,0.8890162625505129,5,1,1,27,1
574,22.649266309562588,4,2,5,0,0,0.008426478680965114,2,0,0,52,0
2580,14.657457058621157,5,1,19,0,0,0.07750252163249483,0,1,0,64,0
930,3.5524830654584063,9,2,18,0,1,0.039032573127565015,0,0,0,88,0
2457,3.137370320725968,5,0,3,1,0,0.02396732593342434,0,1,0,91,0
2657,8.19585269966799,14,2,7,0,0,0.00636368249791686,1,2,0,65,0
1242,3.963520376005861,2,1,2,0,0,0.002435217466131296,1,3,0,81,0
2309,14.579915065921947,14,1,19,0,0,0.008270336863757307,0,3,0,56,0
1052,17.742785064807094,14,0,11,0,0,0.008908406635851313,1,1,0,53,0
537,2.3174457747853374,7,2,6,0,0,0.011571502240344153,1,1,0,98,0
2893,17.575068341511606,8,1,11,0,0,0.016853031964421693,0,3,0,93,0
1714,10.750730697005945,6,1,12,0,0,0.02599479665142885,0,2,0,88,0
1140,22.1295893308506,5,2,17,0,0,0.007764404093492656,2,2,0,88,0
1547,23.77832098596255,10,1,2,0,1,0.015847748285071735,2,1,0,81,0
1753,11.801760817656307,12,1,12,0,1,0.010754227666120395,0,1,0,59,0
2176,18.631536051347798,3,0,18,0,0,0.009613076246554924,0,0,0,91,0
957,6.077146234413981,10,2,12,0,0,0.025987108065950996,1,1,0,65,0
742,6.912087127937837,14,1,5,0,0,0.011372517804171946,2,2,0,99,0
2970,3.509521530612244,13,1,19,0,0,0.004305995208275283,1,3,0,86,0
575,5.460938947158822,6,1,19,0,0,0.06115903815171571,0,2,0,71,0
2215,5.299032133994618,2,1,3,0,0,0.0021647276139496814,2,2,0,99,0
1625,1.0432373210729446,5,1,4,0,0,0.010428398644032215,1,3,0,64,0
2003,3.8608051185504593,5,2,11,0,0,0.037620313337140394,2,2,0,93,0
1404,20.430157034578492,4,0,2,0,0,0.0035402233444134573,1,1,0,65,0
818,1.0877940848599843,12,1,16,0,0,0.004817304539657319,0,0,0,54,0
2043,6.872050068753932,13,2,9,0,0,0.04727898259106586,2,1,1,68,0
948,14.84869066315993,9,1,14,1,0,0.010838377968700281,1,2,0,61,0
18,1.4657623329629084,40,10,1,3,1,0.9091460244374803,3,0,0,20,1
405,17.838819957387983,11,2,2,0,0,0.005454941376611726,2,2,0,79,0
2900,13.72771737091427,10,1,16,1,0,0.017773245208137962,0,3,1,91,0
1483,10.570792845635124,4,0,7,0,0,0.1144823790901407,0,3,0,84,0
1015,9.590722709882915,2,0,8,0,0,0.04159435659611908,2,0,1,94,0
430,20.810351393747087,10,0,11,0,0,0.002360233469085136,1,3,0,66,0
942,4.461994308258512,4,2,9,0,0,0.021799002443148745,0,0,0,98,0
1797,18.75272770217729,9,2,11,0,0,0.0004084938257725065,0,2,0,55,0
136,2.5346992192652986,11,9,1,1,1,0.7760616770546844,5,1,0,12,1
50,2.4443405064002954,11,14,1,0,1,0.8163634767896905,4,1,0,17,1
815,14.389409284939362,9,0,6,0,0,0.011946757437445417,2,2,0,52,0
1220,17.801416302052175,13,1,4,0,0,0.02052045441276081,2,0,0,82,0
222,20.708100529727165,14,0,12,0,0,0.008650879796128632,2,1,0,66,0
191,16.82502220822832,7,1,19,0,0,0.06732760604879662,0,2,0,57,0
2336,17.084253627902683,13,0,11,0,0,0.01033428409982056,2,2,0,74,0
1590,12.092080308800421,6,1,8,1,0,0.03239608508654837,1,2,0,91,0
347,22.410409557398594,12,1,13,0,0,0.08391143128044458,0,3,0,69,0
940,8.352337146132529,6,2,10,0,0,0.0161385925284048,2,3,0,66,0
23,4.678440830238062,36,4,1,0,1,0.5621228579824791,9,1,1,18,1
2323,8.860995308945519,7,1,8,0,0,0.031708639736700045,0,2,0,84,0
2460,23.725508033013803,0,1,3,1,0,0.016574011895168904,1,3,0,69,0
2073,15.096703699824833,3,2,4,0,0,0.07542006719566058,0,2,0,70,0
109,3.585013679205462,7,16,1,1,0,0.8022255462612032,7,0,0,19,1
971,19.602169644961386,12,0,4,0,0,0.007936469226700998,0,1,0,81,0
2187,13.157296523610533,6,1,5,0,0,0.01876497753462345,2,3,0,93,0
2119,11.99997733649014,11,0,6,1,0,0.0065588170266891,2,2,0,64,0
2061,15.639284974130543,6,1,13,0,0,0.008151652924187095,0,1,0,91,0
766,16.400860171081124,13,2,17,0,0,0.004712720964456949,1,3,0,54,0
1476,20.08455176661583,12,1,13,0,1,0.07263226008812501,0,0,0,90,0
1549,18.63309110960934,0,1,4,1,0,0.06875303113108182,0,3,1,72,0
1543,14.533490566833926,12,1,3,0,0,0.020822725311207137,1,1,0,96,0
536,3.4234532809145373,2,2,6,0,0,0.010904554981543147,1,3,0,86,0
296,4.871749986139996,1,1,13,2,0,0.0064613534216647955,0,0,0,51,0
2966,21.107214655182087,5,1,12,0,0,0.01847178661052478,0,2,0,58,0
403,17.67858173367564,6,1,8,0,0,0.021736980362574813,2,3,0,88,0
535,3.186220047251934,14,1,3,0,0,0.0015091814099192466,1,0,0,86,0
42,3.6962886281930927,18,4,1,3,1,0.5219835826017638,4,0,0,15,1
216,8.36137614798262,1,1,12,0,0,0.01907169263511315,0,1,0,87,0
1948,13.636527483900426,11,0,6,0,0,0.02779090329517694,1,3,0,75,0
2081,20.825698893298263,3,0,5,0,0,0.09249070825256807,1,1,0,66,0
1862,15.235808439177594,13,2,2,0,0,0.05381257260003377,2,0,0,92,0
668,11.87651520956319,4,2,3,2,0,0.0036244196223151033,0,3,0,88,0
1976,18.78104795904172,8,0,2,0,0,0.010759491394896892,0,0,0,69,0
287,16.69045925441204,2,1,16,0,0,0.003899273569533895,2,2,0,85,0
2014,1.154338976993379,3,0,16,0,0,0.016216508461943134,0,2,0,57,0
2480,7.528654157998836,7,1,14,0,0,0.01975680204607619,2,3,0,70,0
290,19.565354332197327,10,1,9,0,0,0.0756091426042267,0,1,0,91,0
882,6.808138987734643,13,2,6,0,0,0.044533235448570734,0,2,0,50,0
1480,18.3612698586395,5,1,7,0,0,0.003346508833452236,2,0,0,59,0
1700,15.199090420498408,5,1,14,0,0,0.016839514251357372,1,2,0,79,0
1664,17.5601849122516,12,0,3,1,0,0.0012732910499216618,2,2,0,84,0
114,2.6234404881663815,33,15,1,1,0,0.6179996954035951,9,1,0,9,1
1672,9.129597032575996,3,2,4,0,0,0.059896657295748515,1,1,0,66,0
334,8.303223301164952,9,1,17,1,0,0.01123344636053948,2,0,0,59,0
299,20.188977416959652,13,2,18,0,0,0.0016845787884940614,1,1,0,93,0
2859,17.555203427157778,1,2,8,0,0,0.03879604827940267,0,3,0,63,0
2942,19.14245206982327,10,0,12,0,0,0.005857484191578142,1,3,0,54,0
821,10.197819756495592,8,2,9,0,0,0.0009831233529796878,1,2,0,51,0
2861,18.949194851387315,12,0,13,0,0,0.009189172715394194,2,2,0,93,0
841,4.044564717804366,6,0,8,0,0,0.021355532082988026,0,0,0,91,0
104,1.4022909184054335,14,18,1,0,1,0.4601886943417681,4,0,1,23,1
72,1.910445745805293,41,11,1,0,1,0.7340006118022024,6,1,0,27,1
1321,20.770000327879753,10,2,17,0,0,0.002735964582204207,0,0,0,88,0
1878,4.301474326906035,3,1,9,0,0,0.024423270882888676,1,0,0,66,0
749,23.11480679661095,10,2,2,1,0,0.0285420903084522,1,0,0,60,0
861,4.996309700232773,7,2,8,0,0,0.018633651611938765,0,1,1,50,0
9,0.6334161885686104,5,17,1,1,1,0.9430597727605856,3,0,1,19,1
2979,5.0197891850296745,4,0,9,0,0,0.0070720889223417575,0,2,0,58,0
2614,9.985688552676601,4,0,15,0,0,0.018394313154355413,0,2,0,66,0
1820,4.537561566756979,6,0,14,0,0,0.007414276685472641,2,2,0,85,0
1504,2.7743388764103827,11,2,15,0,1,0.07018230255830966,1,1,0,60,0
2245,23.018426421575505,8,1,9,0,0,0.01812318518602485,1,3,0,63,0
1651,2.941024752524474,8,2,11,1,0,0.010746937069896007,0,0,0,97,0
1485,14.044927938145868,4,2,19,0,0,0.018207614269543478,2,2,0,62,0
2888,22.823456984116,10,2,17,0,0,0.014494696947015367,0,0,0,96,0
323,21.273367932525492,3,2,15,0,0,0.053550408495940095,2,0,0,57,0
568,13.833556992000718,3,2,11,0,0,0.000502445363454865,0,2,0,74,0
395,5.702600379258372,12,1,11,0,0,0.011198616042891182,0,2,0,57,0
576,10.508578333791013,9,2,19,0,0,0.007560470632072847,1,3,0,67,0
938,7.158863536231686,9,0,3,0,0,0.005537558218434543,1,3,0,61,0
2724,2.3734792463304544,8,2,8,0,0,0.02838703213101491,2,3,0,82,0
2326,20.110175400859227,0,0,8,0,0,0.0105471802726696,2,3,0,71,0
2070,6.841422115156568,3,2,9,1,0,0.0008651438504922332,0,0,0,74,0
130,4.758341490354704,36,5,1,2,1,0.5465895351812095,4,1,1,21,1
703,21.729808247816923,8,2,8,0,0,0.00241540526544156,0,2,0,60,0
2296,9.857762757757502,9,2,3,0,0,0.007305842312901393,1,3,0,99,0
2043,21.707389165708243,2,0,18,0,0,0.038980574742737105,2,0,0,55,0
2265,16.44584420309986,12,1,15,0,0,0.012790691884973924,0,1,0,56,0
2114,23.327069534576708,6,0,3,0,0,0.006114303570688722,0,1,0,97,0
2387,21.674718952143415,7,1,12,0,0,0.00829497884870617,0,1,0,77,0
1442,16.8722208394704,9,0,6,0,0,0.016436884868730336,1,0,0,86,0
2623,23.356580899421594,13,1,17,0,0,0.03576634821261343,0,2,0,74,0
2815,18.44955697255311,5,2,13,1,0,0.05807756523465342,0,1,0,80,0
2575,17.873164090973187,1,2,5,0,0,0.01924865814678571,2,3,0,64,0
60,0.42907313367582456,21,11,1,2,1,0.6411217093895494,8,0,0,28,1
2355,7.245582090458575,14,2,9,0,0,0.024767492215025545,2,0,0,55,0
517,6.316010985835872,6,1,2,0,0,0.029158239288671926,0,0,0,95,0
89,1.2236628565075045,14,5,1,0,1,0.6427098452940776,5,0,0,16,1
369,15.54843226420504,5,1,14,0,0,0.01783764233089844,1,0,0,96,0
2176,18.55149236283009,14,0,4,0,0,0.005550141909704824,0,1,0,51,0
1434,19.784633658846527,0,2,14,0,0,0.0063143272642177655,1,1,0,53,0
605,22.413229330361894,12,1,2,2,0,0.01665615234804042,0,3,0,87,0
2913,4.201554566203186,12,1,4,0,0,0.044097435113210286,2,0,0,53,0
1709,22.884006872317798,13,1,17,0,0,0.004672135681797677,0,2,0,81,0
1333,5.245457979351759,9,2,3,0,0,0.024387552508338472,2,3,0,60,0
2443,13.093689774086446,2,1,5,0,0,0.02471091055353468,2,0,0,59,0
890,4.024920139076692,7,0,5,0,0,0.00086129049564855,0,3,0,76,0
24,3.626957586094595,6,13,1,1,1,0.6127976510589754,3,1,1,18,1
191,12.178356568483418,14,2,16,0,0,0.007568363021852907,2,2,0,60,0
1210,4.269920274189598,12,1,16,0,0,0.015936904749718515,2,2,0,53,0
33,0.4846128798878414,46,3,1,0,1,0.6285322889768177,7,0,0,3,1
87,0.6135395487439862,15,13,1,3,1,0.4306957085177628,4,1,0,5,1
2703,9.58963971131599,1,0,14,0,0,0.015147716961712725,2,0,0,60,0
1299,15.12387015724893,12,1,9,0,0,0.004865348806701676,2,2,0,86,0
2210,6.837884797603982,13,0,11,0,0,0.022692887281104187,2,2,0,73,0
377,19.256108558751876,12,1,11,0,0,0.026308958330580723,2,2,0,97,0
96,1.871920072280979,28,4,1,3,0,0.8384064220176619,3,0,1,21,1
1004,9.16594429839504,6,1,3,0,1,0.02341342247216614,1,3,0,84,0
2899,14.007649193193128,2,2,9,0,0,0.007552648289145568,1,0,0,81,0
581,21.222867641466845,14,0,8,0,0,0.04666110975340316,0,3,0,90,0
2971,3.980814977495165,11,1,15,0,0,0.005940806165418129,0,2,0,81,0
1201,4.352401069629289,14,0,9,0,0,0.010646538333019021,2,0,0,53,0
2915,9.79810444561219,3,2,12,0,0,0.005146174728853088,0,2,0,61,0
1747,5.702133200839578,11,2,14,0,0,0.02285991855845592,1,3,0,77,0
635,13.837225740658846,0,0,19,0,0,0.016540618175635728,0,1,0,96,0
1843,13.47436429453398,0,0,13,2,0,0.014897325005467237,0,1,0,80,0
521,11.740263999163046,0,2,10,0,0,0.006923539884134886,2,1,0,60,0
751,13.47683307964109,2,1,15,2,0,0.0026450571270506353,2,1,0,57,0
2213,23.133134668719038,7,0,2,0,0,0.02354133326634133,0,2,0,78,0
653,23.365659977922377,3,1,14,0,0,0.01587574645627121,0,2,0,67,0
690,12.73252338747298,6,0,3,0,0,0.01829479981096035,2,1,0,81,0
632,8.85851354362918,5,1,12,0,0,0.01395928702959865,1,0,0,95,0
2241,8.179405304018282,5,0,11,0,0,0.002592776132311102,1,1,0,52,0
1291,4.310664012161309,7,1,18,0,0,0.0015091779645198364,2,2,0,66,0
127,0.46876224641020847,12,6,1,0,1,0.8780504303981406,8,1,1,21,1
1192,3.9255945418113405,12,0,2,0,0,0.035970149504894224,2,0,0,59,0
1720,4.169926680662414,10,2,10,0,0,0.0008222357871217002,0,1,0,67,0
2523,23.693938548214717,4,0,4,1,0,0.018960247041924214,2,0,0,91,0
26,0.6696041881806961,10,8,1,3,1,0.9917977927308038,7,1,0,20,1
1137,4.76926354695109,7,0,8,0,1,0.03880045601128961,0,1,0,82,0
384,19.36764526480328,6,2,15,0,0,0.0296829108608134,2,3,0,61,0
133,1.703561131128355,43,9,1,1,1,0.9417268006346718,9,0,0,11,1
1126,6.528794940088128,8,1,11,0,0,0.013144014825000844,0,1,0,60,0
333,13.697595387027691,1,0,18,0,0,0.021964554570278235,0,1,0,90,0
1321,7.04153977976899,0,0,12,2,0,0.0426058295598311,1,0,0,77,0
1155,10.322134210972099,10,0,14,1,0,0.0036435254732124344,1,1,0,77,0
1972,9.620482058981317,5,1,2,0,0,0.039455626910786294,2,1,0,98,0
883,5.144502344947402,1,0,10,0,0,0.01739357773450498,0,1,0,77,0
650,5.855586836821132,10,0,15,0,0,0.0060525884427324855,1,3,0,70,0
1784,14.21992974808155,13,0,19,1,0,0.030816945854335184,1,2,0,61,0
2043,10.09498816383703,0,2,16,0,0,0.06122784479112323,0,1,0,74,0
855,16.443463502576794,5,1,19,0,0,0.016848504436129865,1,3,0,66,0
1373,11.580055098358375,14,2,10,0,0,0.019578775530221474,2,2,0,75,0
2583,2.4106119797955,12,1,2,0,0,0.028294853506014572,0,1,0,56,0
134,0.13897548826484915,30,8,1,0,1,0.4982141703422819,8,1,0,11,1
1427,11.062084311988823,4,0,14,0,0,0.016293601786061464,0,3,0,55,0
2543,15.998834647200072,14,2,11,0,0,0.006390414813733567,2,3,0,86,0
1439,16.583441746581283,1,1,9,0,0,0.01336676851905861,1,0,0,68,0
1580,4.426812687314478,2,2,5,0,0,0.009187142327329234,1,1,0,71,0
2977,18.677795510135695,1,1,8,0,0,0.013173039623961722,1,0,0,69,0
2497,17.59204937544463,12,1,7,0,0,0.002122629613362077,2,2,0,50,0
1672,21.23577917666459,7,0,11,0,0,0.02426584707911064,2,1,0,50,0
147,2.0188492165156218,41,3,1,1,0,0.9630477672668553,6,1,0,14,1
1423,5.826365881697416,11,1,8,1,0,0.009185635561324753,0,1,0,91,0
895,3.8067013694025187,3,0,11,1,0,0.004740750801247452,0,3,0,71,0
2325,3.162830401988126,7,1,2,0,0,0.02895045422657143,0,1,0,51,0
883,16.1499193627712,6,0,3,1,0,0.021356224579485,2,3,0,74,0
2256,16.24996610351132,6,0,3,0,0,0.00976874781547622,2,3,0,68,0
1805,1.6329412582295517,11,0,11,1,0,0.002266883719705846,1,1,0,89,0
1728,18.323308726008264,0,2,18,1,0,0.03783855571345176,0,2,0,69,0
1364,4.537196442364715,7,2,7,0,0,0.009317066387312532,0,1,0,74,0
1948,13.092393049860101,5,2,18,0,0,0.0314526408940139,0,3,0,94,0
704,21.15041942975498,11,2,9,0,0,0.009032039011132434,0,0,0,85,0
1675,12.021214277202798,5,0,4,1,0,0.0551935847212494,2,0,0,73,0
2867,13.531036123539296,9,2,2,0,0,0.005773166336520568,2,1,0,92,0
814,22.61198475975069,7,1,3,0,0,0.007960419902277596,0,2,0,63,0
445,12.438186261886365,14,2,10,2,0,0.022458549959105806,2,0,0,65,0
1134,23.405786458444357,0,0,7,0,0,0.019927237675561645,2,2,0,79,0
104,1.6729970716994087,20,12,1,1,1,0.8881277079989919,3,1,1,13,1
2946,3.445905703882816,13,0,14,0,0,0.0028275070739510483,2,2,0,90,0
2672,4.486095546516492,12,0,16,0,0,0.022543692662202554,1,0,0,67,0
2067,12.904714930257008,12,0,3,0,0,0.011184315164383212,1,3,0,56,0
2075,14.946531721967638,4,2,6,0,0,0.017223825748314495,0,1,0,60,0
140,1.9076804294327387,10,18,1,0,1,0.6103568033656808,7,1,0,15,1
1598,23.826172655619917,4,1,11,0,0,0.03940879986304721,2,2,0,71,0
513,11.363731436612081,8,2,15,0,0,0.011736743445933907,1,0,0,59,0
889,17.45629086328331,3,1,10,0,0,0.01696655331310772,0,2,0,83,0
2111,23.447789540772227,1,1,5,0,0,0.05293431032988093,1,1,0,56,0
993,13.1270991610509,13,0,7,0,0,0.011126015096242987,2,3,0,69,0
2932,17.295263042334337,5,2,5,0,0,0.04164155348659236,2,2,0,99,0
2870,20.01729432537318,2,0,16,0,0,0.03245814562203794,2,3,0,58,0
2394,14.849349813207064,5,2,15,0,0,0.0006794726008604846,1,1,0,97,0
2169,9.815537511770632,14,0,9,1,0,0.03468336907219802,2,1,0,50,0
322,1.153688972149419,11,2,4,0,0,0.01918844236459704,0,3,0,95,0
1169,14.066127783770948,7,0,14,0,0,0.022213493917428814,1,2,0,82,0
1381,15.54851452921404,4,2,8,0,0,0.008900551747679147,2,0,0,83,0
1748,6.8745101477600485,10,0,5,0,0,0.0037633166781100304,0,0,0,73,0
2724,10.135111880871854,13,0,5,0,0,0.010501445504400185,0,0,0,86,0
2115,3.8159796622556437,7,2,8,1,0,0.04640310619177682,1,0,0,65,0
2340,3.0614058005636684,10,1,18,1,0,0.016639833320717518,0,1,0,54,0
2991,22.381189226140737,1,0,16,0,0,0.029101973451235483,0,0,0,90,0
1195,9.161351285908479,7,1,14,0,0,0.046956951621320596,2,0,0,57,0
908,14.926101391931306,11,2,17,0,0,0.013263150397410972,2,0,0,99,0
1423,7.433181384844022,3,1,11,0,0,0.00017707827531066847,1,3,0,65,0
2806,1.053303601810719,3,1,5,0,0,0.13158957409703323,1,0,0,87,0
2379,8.90189091984119,2,0,6,0,0,0.038260292665411484,0,2,0,75,0
2319,7.800977502956897,6,0,16,0,0,0.011918791947588204,2,1,0,76,0
93,4.3523792339990335,36,7,1,1,1,0.942642942342669,3,1,0,12,1
341,9.204837219920039,0,2,5,0,0,0.06119947982846386,1,3,0,95,0
2129,6.7390604372797185,1,0,12,1,0,0.0027956690572094496,2,2,0,91,0
1615,18.53710634293772,12,2,11,0,0,0.011492287019429556,0,2,0,60,0
2899,10.0119511555205,13,2,3,0,0,0.011880208260508401,0,3,0,81,0
1031,18.99715326497057,12,2,14,0,0,0.022798597291800806,0,2,0,56,0
2236,17.691695938374377,5,1,11,0,0,0.0015238191600908874,1,0,0,99,0
131,0.8783047073718767,20,19,1,1,1,0.9602867650059808,5,1,1,17,1
2178,13.900112657340205,0,1,15,0,0,0.028238955193719537,2,2,0,52,0
1787,5.921011889829448,9,1,15,1,0,0.04094208785323668,1,2,0,77,0
2919,2.060841979721878,14,1,18,0,0,0.0064005744572403645,0,1,0,94,0
920,7.11457614304921,2,2,15,0,1,0.00669660878977766,0,1,0,94,0
2426,1.455300141986851,8,0,10,1,0,0.03824284850675716,0,2,0,59,0
889,16.15961658279911,7,2,5,0,0,0.04928606375204254,1,2,0,72,0
345,21.63003239974129,11,1,9,0,0,0.011601520801793077,1,0,0,90,0
1302,15.629627565785977,4,2,15,0,0,0.007130234575346918,1,2,0,57,0
1345,9.148158591344071,3,1,12,0,0,0.0013876034803819647,0,3,0,97,0
1074,6.424724780304803,12,2,12,1,0,0.0028156840386685082,0,0,0,84,0
2576,8.505783911435707,10,0,11,0,0,9.310604418084901e-05,0,0,0,79,0
2314,9.18733374723307,3,0,5,0,0,0.0022076300535840425,2,3,0,71,0
972,21.224843464060147,3,1,16,0,0,0.07294752201968527,1,1,1,92,0
1407,21.296567130490295,11,1,11,0,0,0.01879234702409491,2,1,0,64,0
2261,8.814881845923356,6,2,17,2,0,0.006162617973335115,2,1,0,59,0
775,23.19798406892092,2,1,5,0,0,0.016606156582386344,1,3,0,60,0
1799,6.025726190144997,14,1,8,0,0,0.0042837233412903785,1,3,0,67,0
1888,21.865595895894312,5,1,12,0,0,0.0024273429497003907,2,3,0,67,0
2343,5.003878532162873,1,2,10,0,1,0.0014159982394012591,0,1,0,90,0
2236,7.092595286444869,8,1,16,0,0,0.009319242189192197,0,3,0,95,0
2083,12.233064991493611,4,2,5,0,0,0.015229829312273535,1,0,0,99,0
1816,7.3899076739798915,9,1,8,1,0,0.012487461829386457,0,1,0,55,0
2778,8.18225107912231,13,1,3,0,0,0.017793546788754586,0,2,0,98,0
2466,10.662730740497674,11,1,13,0,0,0.04235874705398327,1,3,0,84,0
2373,4.334196664735792,11,0,17,0,0,0.003960089703886836,1,0,0,59,0
2154,1.980563813601753,2,0,16,0,0,0.023718858087346917,1,2,0,99,0
306,8.203744004614002,14,0,17,2,0,0.003976096383121698,2,0,0,87,0
47,1.475684558657072,40,14,1,0,1,0.5838450369601005,5,1,1,25,1
1100,14.668687262920818,8,0,7,0,0,0.005199842344321849,1,2,0,79,0
1849,23.799054214873564,4,2,8,0,0,0.01024662588702267,0,3,0,73,0
1703,1.7743910989190725,14,1,8,0,0,0.020214245664767937,1,2,0,83,0
1545,9.916492679259067,4,0,13,0,0,0.032418959633673035,1,3,0,91,0
617,3.9038370042301094,13,2,4,0,0,0.009873668467541237,1,3,0,53,0
1467,12.454929040307986,12,2,17,0,0,0.008173704057885915,1,1,0,80,0
711,7.186055754008835,6,1,19,0,0,0.004260812986129986,1,0,0,50,0
2497,11.266478869789468,12,0,11,0,0,0.008028454437225191,1,1,0,64,0
938,21.609727571275187,10,2,14,0,0,0.008066536464317755,0,2,0,60,0
632,21.8270702235825,0,0,2,0,0,0.023667587596439287,1,1,0,92,0
1570,10.123174855901926,5,0,18,0,0,0.019366360495709424,2,2,0,91,0
1769,19.933002358700186,0,0,4,0,0,0.011753910862044439,0,0,0,86,0
864,5.952920771798711,11,0,8,0,0,0.015317529752981738,1,3,0,86,0
1215,21.79000659598862,5,1,13,1,0,0.04184733885807622,1,2,0,88,0
481,13.413850231478685,10,2,18,0,1,0.008575784583628445,0,2,0,79,0
668,10.14589433061683,4,0,11,0,0,0.034065592284737475,0,0,0,62,0
1504,3.3951592321666113,10,1,13,0,0,0.0036554359148416593,1,1,0,74,0
362,22.559704077779376,6,1,16,0,0,0.015184531770265484,2,2,0,81,0
115,4.47193121374947,15,9,1,0,1,0.769652871477897,8,1,1,3,1
1942,15.591755341591425,3,1,15,0,0,0.022667825131417577,2,3,0,61,0
2302,5.074931281252907,9,1,11,1,0,0.02083478677524318,1,0,0,82,0
795,8.384865233002152,6,1,7,0,0,0.004853714811578512,0,0,0,86,0
1420,19.313533697945648,6,1,14,0,0,0.00011336276859956467,1,0,0,53,0
2111,4.43246889285405,13,1,14,0,0,0.0019279294177943695,0,0,0,94,0
1005,12.860166334698429,14,1,6,0,0,0.07318060845984689,2,2,0,74,0
973,22.393932205083765,12,1,11,0,0,0.04809641257600343,0,1,0,56,0
1860,21.10803682403547,4,0,10,2,0,0.00850407794396084,0,1,1,69,0
24,2.49371683597919,29,3,1,0,1,0.8297336950069703,8,0,0,17,1
53,4.602780241241437,46,15,1,0,1,0.8691121236941464,7,0,0,0,1
242,17.350348483693338,14,2,4,0,0,0.0028021390452150565,1,0,0,61,0
1499,6.937984846396892,1,1,9,0,0,0.0038299589112245286,2,1,0,67,0
2840,19.218153576492494,13,2,15,0,0,0.014124697076473404,0,0,0,81,0
1134,9.885432980758717,5,1,2,0,0,0.011867565855901832,2,1,0,90,0
1076,4.06233509609623,5,0,17,0,0,0.017771539777511173,1,0,0,59,0
1816,13.241984906797924,7,0,14,0,0,0.015479309692764894,2,0,0,84,0
325,22.359186601342305,14,0,6,0,1,0.0013451580712305015,1,1,0,95,0
1564,9.542706043080052,13,1,18,0,0,0.0342033500254546,0,0,0,62,0
759,10.263581164631793,8,2,7,0,0,0.01430805061909372,1,3,0,83,0
1371,3.8684233089619813,13,2,2,0,0,0.023790895528730104,2,0,0,66,0
2035,16.51598061707297,8,2,18,0,0,0.019450977345336774,2,2,0,90,0
555,22.82863751524141,5,2,2,0,0,0.045213355522783764,0,3,0,69,0
584,23.551886906025437,1,1,7,0,0,0.02531740459889659,0,2,0,90,0
2231,22.08620888615371,0,0,9,0,0,0.016979506293911883,0,1,0,71,0
2712,21.191496657950534,14,0,5,0,0,0.020924966775224964,1,2,0,66,0
1292,21.185881451967973,9,1,13,0,0,0.011466478127366824,1,1,0,77,0
1310,10.623195139356012,10,2,2,0,0,0.008942402672912627,1,2,0,54,0
261,16.680218814073708,13,1,16,2,0,0.0012119077964474125,2,1,0,91,0
49,2.117088904327994,30,3,1,3,1,0.99857010162433,4,0,1,2,1
2608,1.7097317990856662,6,0,7,0,0,0.016702787440454267,0,2,0,70,0
2480,19.830905093708214,11,1,6,1,0,0.08583179130710399,2,2,0,62,0
2234,12.792707068020848,1,1,6,0,0,0.01281468271431626,0,2,0,98,0
2267,10.221660536880075,14,1,7,1,0,0.001668340229704203,1,2,0,68,0
2917,16.349059155067852,1,1,5,0,0,0.005033974035224407,2,1,0,79,0
583,9.439989821710416,11,2,7,0,0,0.009055940522505624,1,3,0,83,0
1151,5.410996478612793,9,1,14,1,0,0.01274925899575077,1,2,0,89,0
1257,13.884191942622973,11,2,12,0,0,0.029979415847603434,2,1,0,71,0
2892,12.549533029125698,4,2,16,0,0,0.007551453944297487,2,3,0,97,0
1650,22.68511625250502,4,0,12,0,0,0.018768596312811147,0,1,0,77,0
1828,2.608426931316985,12,2,13,1,0,0.02993574843612747,1,2,0,90,0
1811,5.534544911176178,14,0,17,0,0,0.022750814548969527,2,2,0,60,0
903,11.876634054650811,8,1,6,0,0,0.036597540789478175,1,1,0,99,0
2700,6.908328495851441,10,1,8,0,1,0.002470054677531291,2,2,1,73,0
1595,15.710927907086683,9,0,18,1,0,0.028847300182179163,1,1,0,66,0
2924,18.966919747099144,5,2,4,2,0,0.00011474717506828118,2,1,0,81,0
1990,2.214491090776146,8,1,3,0,0,0.001863710558654644,2,0,0,99,0
1324,3.005127760132117,14,2,17,0,0,0.06750564015769352,2,2,0,77,0
767,21.601714696301975,13,0,18,2,0,0.020678759663347993,0,3,0,62,0
528,5.402836651489478,12,2,5,0,0,0.06480994626603524,2,1,0,79,0
1136,6.996405898158081,0,1,19,0,0,0.02952844807192781,1,2,0,55,0
435,2.9877660475385692,0,1,19,0,1,0.0222193675364419,0,3,0,81,0
836,8.440509082963896,0,0,2,0,0,0.009385234968580814,0,3,0,50,0
1625,7.236391039504251,2,0,2,0,0,0.0050913954049360164,1,3,0,53,0
2091,20.647103845839965,8,0,14,1,0,0.031425734963573045,2,2,0,75,0
106,0.7861258784024394,35,9,1,1,1,0.41681131076368627,8,0,0,13,1
1265,22.91946048711468,3,1,2,0,0,0.03693482296164792,1,1,0,91,0
1967,16.544348637009648,10,2,15,1,0,0.0007655893758513116,0,3,0,82,0
1873,5.362981508017575,1,0,17,0,0,0.002112363825428632,2,1,0,76,0
1362,14.941370993470034,1,1,3,1,0,0.006791798780972553,0,2,0,57,0
2891,23.987723708959507,6,0,9,0,1,0.005475286558117698,0,2,0,99,0
2904,10.858502580320943,7,1,10,0,0,0.025732801820564692,0,2,0,61,0
2254,14.9951874911752,10,2,19,0,0,0.00011641352317007402,2,3,0,98,0
2801,4.790967532975527,6,0,9,0,0,0.0037215955505589767,0,0,0,81,0
1013,7.839166109447294,5,0,17,0,0,0.01770626861640635,1,1,0,87,0
1754,13.23649861663779,0,2,13,0,0,0.013959115580954978,1,2,0,86,0
1330,7.118443394123757,0,1,14,0,0,0.03868757153634531,0,0,0,73,0
132,1.3332290789155206,12,17,1,1,0,0.439023579610422,5,0,0,7,1
1476,16.761854370665088,9,2,18,1,1,0.023990121240532736,0,3,0,80,0
614,10.13977198116228,1,2,2,0,0,0.02204841475961412,2,0,0,64,0
1538,12.964382034785753,13,2,4,0,0,0.03179008269362341,1,3,0,85,0
2693,17.67169948424539,5,2,18,0,0,0.021384334448766893,2,3,0,74,0
2883,4.077485934428241,1,1,19,0,0,0.006594631764350111,0,2,0,85,0
2533,4.65757508602601,5,1,10,2,0,0.02889716328425004,0,2,0,94,0
1442,5.397386133690147,4,0,9,1,0,0.022301240963497736,2,1,0,73,0
2816,1.04642590820938,0,2,17,0,0,0.028767436769938357,2,2,0,58,0
897,4.699508001028162,9,2,13,1,0,0.005851733852479251,2,1,0,87,0
1613,23.327622748920007,4,1,16,0,0,0.012050212774527374,0,1,0,67,0
310,21.687469888560337,11,1,3,0,0,0.01657798525899473,1,3,0,77,0
1097,3.988651562162648,12,1,18,0,1,0.0032291117520167455,2,3,0,74,0
108,0.261277466439751,39,9,1,2,1,0.8354618041687334,3,1,0,13,1
2094,20.214380109368896,6,1,15,1,0,0.008131631144647777,0,3,0,91,0
843,16.05794087292101,6,0,6,0,0,0.037635591454859306,0,0,0,54,0
133,3.0789902006692214,23,6,1,2,1,0.8443126221752717,4,1,0,1,1
608,17.69147865405883,3,0,17,0,0,0.001480833632329486,2,1,0,84,0
2860,6.65960215235396,9,2,8,1,0,0.0640992590563015,0,0,0,79,0
2099,10.72184960811236,14,1,16,0,0,0.02776784966853876,2,3,0,98,0
1389,16.821334527238047,4,0,7,0,0,0.0032359025776513037,1,1,0,53,0
2453,6.039702027808584,6,0,5,0,0,0.005251735124077915,2,1,0,51,0
142,0.8544088711116884,24,15,1,1,0,0.7997409424034725,3,1,0,26,1
2156,8.10319175216884,3,2,4,2,0,0.012812427673495323,2,3,0,84,0
1826,21.782980419976287,11,0,19,0,0,0.05794869593815906,1,2,0,60,0
1623,15.72386914804782,2,1,19,0,0,0.013326564857349161,2,1,0,71,0
1896,21.228421126746905,10,0,19,0,0,0.004731679341212189,2,3,0,66,0
1102,2.549844760067018,4,1,9,1,0,0.14631816485626561,1,1,0,75,0
1889,5.900955199750588,3,0,5,0,0,0.008671949683570778,0,0,0,69,0
199,1.406819621104916,0,2,10,0,0,0.017111133766990645,2,0,0,71,0
699,23.5838310557604,2,0,18,0,0,0.002421901988153731,0,2,0,72,0
2228,11.583732083234112,2,2,6,0,0,0.001900770281381494,2,1,0,87,0
2381,18.443775410989556,13,1,5,2,0,0.013390963071192486,0,3,0,82,0
2773,17.850610398119155,6,0,3,0,0,0.0037509643464010045,0,2,0,59,0
2966,13.512381321203286,11,2,8,0,0,0.008828748324083143,2,0,0,70,0
786,16.50898754740811,13,0,7,1,0,0.002039577965010788,2,3,0,82,0
1515,2.57562435242053,13,1,5,0,0,0.0022893785928393305,0,2,0,95,0
700,13.104404587778662,0,2,15,0,0,0.0015800045757769173,2,0,0,84,0
2080,10.038407182941699,4,1,7,0,0,0.003041119493249176,2,3,0,54,0
108,0.19177843109605738,25,15,1,1,0,0.5631305471577315,5,1,0,18,1
1695,14.525342696071823,0,1,15,0,0,0.0057940299270311715,2,2,0,60,0
697,6.230418404811715,6,1,4,0,0,0.05751766592131428,2,1,0,81,0
1706,23.747652242054,14,0,8,0,0,0.026113719687902954,2,3,0,96,0
51,2.504955522318244,28,14,1,0,1,0.5987790042764038,9,1,0,6,1
2165,1.2320839538475687,7,0,12,0,0,0.038088516450506975,1,2,0,56,0
2577,20.27750022169426,12,1,6,0,0,0.008599824047243779,0,0,0,99,0
2749,9.914690324103699,11,0,3,0,0,0.039846643524751126,2,3,0,54,0
110,0.4972670891217641,16,17,1,3,1,0.5674121064511872,9,1,1,3,1
1034,13.017063931870721,13,2,18,0,0,0.017780499312595083,0,2,0,98,0
2696,17.1007882737584,6,1,17,0,0,0.0031208155526192744,2,0,0,58,0
2274,4.809451981650103,3,2,19,0,0,0.02315798000830508,2,3,0,64,0
464,20.60882898373573,9,1,10,0,0,0.014471295227637387,2,1,0,96,0
2599,16.249168961260846,14,1,11,0,0,0.08039226186246863,1,1,0,50,0
780,16.30171834549527,11,1,3,0,0,0.008200571454344356,1,0,0,97,0
1060,23.495421813391157,7,0,3,0,0,0.004632252400501594,2,1,0,66,0
1287,23.914032590072168,8,0,16,1,0,0.029551513665387632,2,3,0,62,0
88,1.4289854498821792,16,17,1,2,1,0.9878850395429098,8,0,0,10,1
144,4.611615884895976,28,13,1,3,1,0.8042409564943909,4,1,0,22,1
414,20.151650794981993,11,1,9,0,0,0.010747201692980329,0,3,0,55,0
780,3.191014682956405,1,1,8,1,0,0.024967653466478446,1,3,0,58,0
283,14.634675808028721,1,1,17,0,0,0.004342598763715934,1,1,0,97,0
2034,3.028639187167026,7,1,10,0,0,0.005852467344532065,1,2,0,68,0
598,22.61585521431736,7,0,3,1,0,0.03798227095715958,1,1,0,74,0
1735,10.23003855705338,14,0,14,0,0,0.012482365885105784,2,0,0,56,0
2628,4.958543864923887,11,2,3,1,0,0.02427041976302074,2,1,0,76,0
46,2.771534286205261,7,16,1,2,1,0.8509277844628638,4,0,0,29,1
2362,6.394909746701059,4,1,10,0,0,0.007042284484187811,2,2,0,83,0
464,19.480916494003488,5,0,13,1,0,0.0010621278475495101,0,0,0,84,0
2726,12.977667262186893,12,2,18,0,0,0.013286233814567705,1,1,0,69,0
121,2.2956464527000073,18,10,1,1,0,0.7504257713366141,7,1,0,10,1
802,15.607049435923532,10,2,17,0,0,0.058490160240542266,1,2,0,93,0
1509,5.294635802779954,14,2,7,0,0,0.010264688761288323,2,0,0,70,0
369,7.887200741313393,0,1,3,0,0,0.02534829895973853,2,1,0,87,0
1116,6.678870813354468,2,2,3,0,0,0.011726997229698905,1,0,0,84,0
46,2.173873263301914,17,19,1,0,1,0.5592979383031215,9,1,1,19,1
2573,15.988362130247797,7,2,14,0,0,0.002988010224559411,0,2,0,64,0
2777,10.289650875912846,14,0,6,0,0,0.02255466855946253,2,1,0,81,0
995,20.876972086505884,4,0,13,0,0,0.0018932161404291328,1,0,0,57,0
634,14.151610762964536,12,1,13,0,0,0.005595956725517577,2,0,0,77,0
1581,14.650172548446498,7,0,13,0,0,0.01953312177273213,1,3,0,58,0
1432,2.200568468034348,11,1,10,0,0,0.01005305973152555,0,0,0,53,0
951,22.14591030517147,12,1,15,0,0,0.07766921017853191,0,1,0,94,0
1867,6.240375603491529,5,1,6,0,0,0.001197840863674089,2,2,0,89,0
2777,20.484208262957058,6,2,4,0,0,0.0026958482272031814,0,0,0,50,0
294,9.939014368486482,12,0,15,0,0,0.058585353287338625,2,0,0,72,0
1084,20.371307165910803,13,1,12,0,0,0.002254848854456923,1,3,0,64,0
6,2.8541828740716793,42,13,1,3,0,0.795435910297571,6,1,0,3,1
80,0.1917510975925143,21,13,1,1,1,0.8498605350005481,5,1,1,4,1
1724,18.971023334131342,12,2,4,0,0,0.0027608264943972055,1,2,0,67,0
3,2.5210920372163534,5,11,1,2,1,0.4760211070207989,9,0,1,27,1
2048,13.018413484837225,5,1,15,0,0,0.0346353099179756,1,0,0,78,0
405,12.657283931871099,9,0,2,2,0,0.007160880916299075,1,3,0,79,0
2399,7.5528844952120995,7,0,13,0,0,0.02239947544751286,0,2,0,56,0
1056,9.902811487719509,0,2,7,0,0,0.0013621973256304173,0,1,0,67,0
2269,22.408567838279264,2,2,11,0,0,0.041119146910180884,0,2,0,64,0
263,13.436895044061396,1,2,2,0,0,0.10856265180545185,2,0,0,63,0
1979,20.887782416771426,12,1,16,0,0,0.004814284886024286,0,2,0,56,0
1974,7.947391542200286,0,1,12,1,0,0.001415926465612253,1,3,0,88,0
48,4.746982282005254,41,10,1,1,1,0.6811696122999957,7,1,0,15,1
2936,19.209099734427088,1,2,17,0,0,0.016171724316752022,1,3,0,74,0
71,2.4724048122208093,44,19,1,1,0,0.8887472356016013,8,1,0,5,1
794,13.580154781541927,6,2,2,1,0,0.007544595678933557,1,2,0,99,0
1446,21.95687055914182,1,1,5,0,0,0.0220439876263645,1,3,0,87,0
1363,15.494801211570316,6,2,7,0,0,0.00856263989975843,0,3,0,54,0
879,17.715232155868524,14,1,12,0,0,0.001468941995253284,0,2,0,68,0
24,0.9529142732958112,23,11,1,2,1,0.7782607174004406,9,1,0,20,1
1126,8.838761095166472,12,2,4,0,0,0.00022048393807669382,2,0,0,96,0
292,10.36035392158807,1,1,12,1,0,0.017402759170234088,0,3,0,99,0
905,4.844036263838088,0,0,18,0,0,0.004404729042353031,2,1,0,68,0
1856,12.547154910234283,8,1,11,0,0,0.017086445350874606,0,0,0,59,0
2796,8.151365390173746,13,1,14,0,0,0.047475786401469516,0,0,0,73,0
1459,1.5066191881477908,11,0,6,1,0,0.0028296544336778623,0,2,0,89,0
1741,18.53310773650459,14,2,8,0,0,0.006863377137348607,1,1,0,96,0
395,21.954580163649823,12,0,7,0,0,0.004311639749670046,2,0,0,85,0
1680,21.57240880695734,5,1,10,1,0,0.028588890902083195,0,0,0,78,0
578,12.070667660320293,14,0,15,0,0,0.012997053441539608,1,0,0,97,0
340,3.0416500644786746,2,2,8,0,0,0.018637914042092155,2,2,0,56,0
2419,9.319335861770355,10,0,10,0,0,0.007802967743897413,2,3,0,55,0
309,2.029904361607369,9,0,17,0,0,0.004872867238694553,1,2,0,95,0
1385,14.785486210247479,9,1,14,0,0,0.03354417138447254,0,1,0,79,0
1638,16.55780633378302,14,0,17,0,0,0.02329401758837676,1,2,0,71,0
1513,1.2996800584129262,2,1,17,0,0,8.271389766798306e-05,1,3,0,92,0
1066,21.851160845459745,2,2,16,0,0,0.07769862946346745,1,0,0,85,0
2641,3.8831989432248695,12,2,8,0,0,0.021017342577680592,0,1,0,72,0
2516,20.820077383120793,6,0,3,2,0,0.03671872669444809,2,1,0,53,0
575,20.858217637711043,7,1,14,1,0,0.008155063003593387,0,3,0,96,0
2872,18.470395432636533,12,2,6,0,0,0.0018854944564408406,2,1,0,92,0
1810,7.561677782218278,12,0,7,0,0,0.05095115871344951,0,3,0,97,0
872,10.90242481866537,14,2,9,0,0,0.012840845846091556,0,3,0,95,0
344,19.611212936197713,12,2,8,0,0,0.00042781956639493233,2,1,0,83,0
721,13.829864414371633,4,2,8,0,0,0.0023438569362307315,0,3,0,92,0
1863,12.966821269129044,5,2,4,0,0,0.007139988832830818,1,2,0,58,0
72,0.6658018983716508,48,18,1,0,1,0.5533862029353775,8,1,1,8,1
2590,13.574111972805671,10,0,5,0,0,0.007400092928260785,1,1,0,84,0
1951,16.869993958105695,5,1,18,0,0,0.00707291449099546,2,2,0,69,0
754,15.86835207286596,0,2,7,0,0,0.004034076884925811,1,2,0,98,0
464,11.90973052784292,10,0,13,0,0,0.016286687045144483,2,3,0,93,0
1704,10.563342515811353,3,0,13,0,0,0.040929487560136056,1,2,0,59,0
1676,11.50774883224848,14,2,3,0,0,0.005201005693507315,2,0,0,65,0
10,4.529483242195228,7,4,1,1,1,0.5711174489830898,9,1,0,16,1
425,3.80052395588132,4,1,7,0,0,0.0027525614123234694,0,3,0,91,0
1805,17.30731565860173,5,2,2,0,0,0.003287776165634997,2,0,0,65,0
2023,20.99297136697421,6,1,14,0,0,0.011706527463671266,1,2,1,72,0
1570,18.05937741479739,8,2,12,0,0,0.022198451064574434,1,0,0,55,0
60,4.2992206479857416,37,17,1,1,1,0.46800045126862355,5,0,0,5,1
56,0.3664961334077045,29,17,1,1,1,0.7048442381909266,9,0,0,28,1
1913,10.764130779516323,12,1,4,0,0,0.004005832186124324,2,3,0,86,0
2847,7.696317699059117,7,0,8,2,0,0.04401948225039333,0,1,0,81,0
1234,2.0442754737799285,11,0,2,0,0,0.001247019335291993,0,2,0,59,0
1765,16.395979233565313,11,0,5,0,0,0.011322231874056074,1,3,0,81,0
2400,23.53187444577932,11,2,3,0,0,0.024091964052297455,2,0,0,97,0
41,1.7903142153202378,38,8,1,1,1,0.7849419913995355,4,1,1,28,1
81,2.6413668181661794,25,16,1,0,0,0.8216466232718329,5,0,1,5,1
138,3.063077990048221,24,16,1,1,1,0.6788441857073484,3,1,0,4,1
2070,18.86464350084893,6,0,2,1,1,0.03818881939134245,1,3,0,78,0
597,13.652114630537588,12,0,15,0,0,0.009909462976956067,2,1,0,61,0
2817,14.602355466717226,9,2,6,0,0,0.05288650960000191,2,1,0,85,0
1382,19.785409392749145,2,2,14,0,0,0.010695555816485193,2,2,0,52,0
749,18.58854025395442,3,0,2,0,0,0.019167236714825144,1,1,0,96,0
326,14.271935282623948,1,1,3,0,0,0.005404651672732942,2,3,0,53,0
1939,12.314415302431769,8,2,6,0,0,0.007753583074518683,2,0,0,60,0
204,17.895292231792503,0,2,2,1,0,0.022708424190477552,1,2,0,51,0
2562,4.440833339119909,14,0,13,0,0,0.016622538955137735,0,0,0,99,0
2953,3.6015258387611797,12,2,12,1,0,0.01614137732924052,0,1,0,98,0
2948,13.757119004807198,8,0,18,0,0,0.004617118312747316,0,1,0,64,0
92,2.894173267984424,40,19,1,0,1,0.6784850788380605,8,0,0,18,1
1188,18.208413837516943,5,0,6,2,0,0.0008793295892866704,1,3,0,65,0
2988,23.825554211257813,2,2,6,0,0,0.01224700271350021,0,2,0,74,0
971,6.16812707037164,14,0,16,0,0,0.0611831429126904,2,0,0,70,0
647,1.750850583550378,0,0,15,0,0,0.011082708451144917,2,3,0,72,0
1000,15.67117313126358,5,1,13,1,0,0.01719635774413535,1,3,0,98,0
1295,15.248448282374516,4,2,9,0,0,0.03866385222768499,0,3,0,66,0
1872,21.93309664598909,2,1,15,0,0,0.015794245054361517,0,1,0,77,0
1943,5.724232394994675,7,2,11,0,0,0.022379866305987633,2,1,0,86,0
2415,3.37610601385236,2,2,13,0,0,0.003470004484537055,0,1,0,92,0
1139,10.468075590504156,14,0,5,1,0,0.022184496099472754,1,0,0,62,0
1240,9.993983550338012,10,2,19,1,0,0.0038080380629716953,1,2,0,82,0
646,23.097952684200468,13,1,12,0,0,0.03834829868941374,0,3,0,91,0
2028,3.1654939328910516,12,1,3,0,0,0.003052510059735542,0,2,0,93,0
2649,2.095748921039652,6,1,3,0,0,0.003836431996962597,1,2,0,59,0
185,13.080514422963684,3,2,18,0,0,0.004446630845273381,2,2,0,59,0
412,19.998898188331154,7,1,5,0,0,0.03920576837224204,2,1,0,87,0
1137,21.455991070963417,11,0,8,0,0,0.002249681123408128,0,0,0,85,0
1620,21.603735739553287,10,0,19,0,0,0.039144656472422115,0,3,0,96,0
1776,14.87047904192188,3,2,17,0,0,0.035003645617823306,1,2,0,69,0
1783,23.118311926960704,1,0,11,2,0,0.016318266384954202,2,1,0,99,0
499,6.493703189244336,6,0,7,0,0,0.002079874589354245,2,1,0,90,0
143,2.5802334197104924,37,7,1,1,1,0.4054020099540562,3,0,0,2,1
570,9.799347442124615,3,1,18,0,0,0.05039757300698028,1,3,0,78,0
1904,23.300977717506193,1,1,4,0,0,0.005462085935519856,1,2,0,87,0
564,13.537427149996093,1,2,4,0,0,0.037072572551900655,2,3,0,77,0
1289,11.534510868369951,1,1,4,0,0,0.005315683860184014,1,1,0,96,0
2948,1.2640551742356902,6,0,10,1,0,0.039444778512880634,0,3,0,57,0
2686,3.734110997072656,12,1,17,1,0,0.03781889845155396,0,3,0,95,0
1399,7.187451876361141,2,0,11,2,0,0.053346428004731904,2,2,0,85,0
1952,19.93269910630376,9,1,12,0,0,0.029716049287937897,1,2,0,89,0
2641,17.689425606311566,11,2,7,0,0,0.08672380968060589,2,1,0,80,0
1862,10.880706702249487,4,1,10,0,0,0.001594284534395306,1,3,0,86,0
2326,14.215509793308632,9,1,7,0,0,0.03422207770421351,1,3,0,57,0
333,7.425457420498477,3,1,5,0,0,0.010706493439321006,2,1,0,55,0
1533,14.756590475487414,11,2,6,0,0,0.006554599062284806,2,0,0,83,0
2108,12.220577535425349,7,2,11,0,0,0.03345176540193119,2,3,0,79,0
2927,20.985717802420336,2,0,9,0,0,0.012467393939242214,1,2,0,93,0
2624,12.653470926603152,8,0,2,0,0,0.010446634905170393,1,3,0,75,0
1614,19.915048632792335,8,2,7,0,0,0.012894673916294565,1,0,0,74,0
2940,9.536717140072062,8,1,18,1,0,0.017299435328154845,1,1,0,63,0
690,16.72634442827198,10,0,3,0,0,0.001797919438449809,0,0,0,94,0
672,16.828780914931695,4,2,18,0,0,0.01027990309372906,0,0,0,57,0
16,3.67456874950398,21,15,1,2,0,0.5288312365257353,8,1,0,9,1
90,3.207031482309179,33,12,1,1,0,0.9332540311234155,4,0,0,27,1
2568,2.100108869064426,14,1,4,0,0,0.007855640878078149,1,0,0,83,0
51,4.277897940580545,11,17,1,3,1,0.41922236006183694,7,1,0,20,1
955,21.32532240219731,10,2,19,0,0,0.024479198977277655,1,1,0,63,0
1398,12.792565699690448,13,2,7,0,0,0.04203510783501779,0,1,0,73,0
2274,11.61985471308479,5,1,10,0,0,0.00691442235517299,1,3,0,86,0
1761,8.956170292538967,3,2,19,0,0,0.004871736309184349,1,2,0,82,0
2371,9.297767939543796,12,0,17,0,0,0.012173030330629293,2,0,1,83,0
1931,1.4028677898274315,9,0,15,0,0,0.002724919441750517,0,2,0,77,0
2815,17.786787103515003,11,2,6,0,0,0.01070988353146235,1,3,0,59,0
886,16.33765168332816,12,2,17,2,0,0.052624211617455466,2,1,0,90,0
1952,19.40816221753835,0,0,16,0,0,0.022299979842709195,1,3,0,82,0
1462,18.178141471123922,2,1,11,0,0,0.00617250882957763,1,1,0,55,0
2353,23.258385173377942,14,1,6,0,1,0.01286325516647465,0,0,0,92,0
679,10.253523867790786,11,1,4,1,0,0.08879903570273405,2,2,0,79,0
2988,11.655754025274327,7,0,12,0,0,0.011578253561508121,1,0,0,73,0
1135,14.942340411906946,0,0,19,0,0,0.005615175716866332,0,2,0,51,0
296,15.860072839637684,13,2,12,1,0,0.03421065930034479,0,1,0,77,0
509,13.50753174092346,11,1,9,0,0,0.0006131436207208695,1,0,0,55,0
1884,14.350925154483516,1,1,14,0,0,0.011117987248157159,0,0,0,66,0
854,21.608938392116038,6,1,4,0,1,0.03305320252408288,2,0,0,51,0
1844,20.887189019229606,11,1,11,0,0,0.008950394773954458,2,3,0,91,0
1740,15.306909934532857,4,1,4,0,0,0.00344265627267583,2,1,0,69,0
2428,5.27852900013031,1,1,3,2,0,0.02604674899224787,0,0,0,83,0
2729,10.864398213803888,10,1,17,1,0,0.01656550974910239,1,0,0,77,0
1986,14.842673824226196,11,2,7,1,1,0.015042231721275917,0,2,0,55,0
404,23.62832719567507,12,1,16,0,0,0.017844325487006003,2,3,0,91,0
230,18.233525392002857,4,1,2,0,0,0.022006965610602572,1,3,0,85,0
2232,20.080513807900758,7,1,5,0,0,0.04070315150867211,1,3,0,95,0
580,1.059432341434595,0,2,10,0,0,0.006717232376069106,0,1,0,53,0
1933,21.23590402088899,4,0,9,0,0,0.03393756357014446,0,0,0,99,0
2745,19.084347005413175,10,0,3,0,0,0.008278099070473034,2,3,0,69,0
1245,15.144499527846044,11,0,17,0,0,0.01671572904465629,1,0,0,92,0
565,12.671266420754069,8,1,3,0,1,0.04988117270788222,1,2,0,96,0
868,1.5068086868425963,13,0,16,1,0,0.015269528045659446,1,1,0,85,0
2244,17.829668940976898,12,0,7,0,0,0.012077091900497104,0,2,0,51,0
2038,17.860177366779848,7,2,2,1,0,0.04408988934022475,2,2,0,67,0
2186,1.5265579744507658,12,2,14,0,0,0.006885684037564542,0,1,0,75,0
864,5.66753645422275,5,0,12,1,0,0.012718130166890163,2,0,0,51,0
2752,8.552768241356866,14,2,19,0,0,0.003017959231488457,2,2,0,66,0
585,12.467128388631311,1,2,13,0,0,0.08654560931991799,0,0,0,92,0
1885,12.64047376147527,11,2,12,2,0,0.014113751111743318,0,3,0,71,0
943,3.036778437134552,2,0,14,1,0,0.00703379271168658,1,1,0,57,0
2792,1.2076992949796557,8,2,16,0,0,0.011685543898094735,2,2,0,59,0
2669,23.327249026425413,1,1,5,0,0,0.029846086439418197,2,1,0,63,0
2873,11.221647413277635,4,1,19,0,0,0.008852144807338879,2,2,0,89,0
317,4.883646753586781,7,0,10,0,0,0.04178230155244255,1,2,0,73,0
2070,6.043301124249141,6,0,16,1,0,0.0032124235266541533,2,0,0,66,0
1491,2.5876794404205414,10,2,2,0,0,0.00878063560681667,1,0,0,58,0
490,13.909751487813264,4,2,18,0,0,0.0004213113815074539,1,2,0,93,0
631,22.55309365455228,4,0,13,0,0,0.03580204980722722,1,2,0,71,0
2186,16.434271528778034,5,1,6,2,1,0.004128457792093334,2,0,0,66,0
2954,2.005919395239298,12,1,15,0,0,0.0036275102805721016,0,2,0,97,0
1287,21.47131158570081,3,2,16,0,0,0.006329000925016315,0,0,0,72,0
497,21.624428666322814,11,0,4,1,0,0.004827632910382199,0,1,0,87,0
2045,3.2740932057346144,5,1,9,0,0,0.03859562584271517,0,1,0,58,0
2105,6.071124949885994,8,0,3,2,0,0.0015651179877448757,1,2,0,59,0
2008,11.36070193812982,1,2,3,0,0,0.00728784958067922,1,1,0,77,0
2206,1.0662687883091357,5,1,4,0,0,0.01649320809731763,0,1,0,80,0
942,3.87788091426018,13,1,12,0,0,0.0015447684348887827,0,2,0,88,0
2506,7.194619860946577,3,2,6,0,0,0.013088798355749972,2,1,0,95,0
1938,22.45280703095386,7,0,16,0,0,0.028335881517861483,2,3,0,91,0
2415,5.763183118061138,6,2,12,0,0,0.04253042433985926,0,3,0,79,0
140,2.6609528223426304,49,9,1,0,0,0.577282205732508,5,1,1,9,1
994,9.51120369750787,5,0,15,0,0,0.01976112818076229,1,1,0,93,0
74,4.1921182003817,18,12,1,3,0,0.7286730009522614,8,0,0,17,1
2812,20.871116356905233,3,1,18,0,0,0.030279118801264663,1,3,0,86,0
893,8.408484097271266,0,0,11,1,0,0.0010074931480506522,2,1,0,76,0
1952,13.994640226530832,0,1,16,0,0,0.00011219723546819401,1,2,0,65,0
1982,15.673098246267312,8,1,13,1,0,0.021705189850173116,1,3,0,70,0
351,11.7675452499237,0,2,3,0,0,0.009039431723787312,1,2,0,76,0
2045,3.3289780361486554,3,0,9,0,0,0.04629801702683894,0,0,0,84,0
2916,11.539396959035178,2,0,15,1,0,0.0019046436402757438,2,3,0,92,0
977,4.663992474236547,12,1,4,0,0,0.027639485361763843,0,0,0,61,0
667,22.99311038492581,6,0,16,0,0,0.014446710784737637,1,1,0,59,0
112,3.682075215808723,13,19,1,0,1,0.8455559107853381,5,0,0,4,1
1118,1.8265895231957268,6,0,18,0,0,0.004039723418906529,0,1,0,97,0
2665,19.121745730722093,3,1,12,0,0,0.004519781463034252,1,0,0,87,0
813,15.989344901952272,9,0,5,2,0,0.003318426354126785,0,1,0,88,0
2903,1.308260407939809,6,1,12,0,0,0.025635898666241046,1,0,0,58,0
864,1.0076476407712565,9,1,17,0,0,0.06787011841266852,2,0,0,69,0
912,20.3191715464902,4,0,6,0,0,4.9152077597314675e-05,2,1,0,65,0
2088,22.37681397288162,5,0,9,1,0,0.013241230338277463,1,1,0,79,0
863,22.957180690766073,13,1,5,0,0,0.04441160128076599,0,3,0,51,0
957,7.146810485252693,13,2,2,0,0,0.05496343436047241,2,3,0,71,0
1394,15.663725082815285,10,0,8,0,0,0.04706273471931605,2,2,0,95,0
2441,17.53878128913868,11,2,19,0,0,0.00016540693649594147,0,2,0,97,0
2670,23.78255875371307,7,0,4,0,0,0.13369278482199928,2,0,0,75,0
318,15.31795300178414,13,2,12,1,0,0.009422671119620276,2,3,0,88,0
451,2.3944652995287683,6,1,7,0,0,0.005590021887158031,2,0,0,84,0
69,3.0208827855834697,29,5,1,0,1,0.628278533892576,6,1,1,17,1
1809,21.94556132700821,7,1,19,1,0,0.03402365486849047,0,3,0,65,0
2529,3.4209612595312846,11,2,11,0,0,0.018033197646816972,0,1,0,74,0
580,23.56843660991899,14,0,5,0,0,0.01048024457575682,1,0,0,84,0
500,10.126327482985278,8,1,15,0,0,0.019743681614388723,2,3,0,95,0
1937,19.44900283693451,4,2,2,0,0,0.03597250893951851,1,1,0,52,0
1430,16.550489322531455,5,1,8,0,0,0.0010719200885835087,1,0,1,93,0
234,1.7081711421903005,5,2,10,0,1,0.03442120720902874,1,2,0,88,0
2086,5.870373065306002,3,0,6,0,1,0.04059447166723141,0,3,0,62,0
240,19.92804426309418,0,1,2,0,0,0.011536914637856015,0,2,0,82,0
1512,23.54250682551664,12,1,7,0,0,0.013682131124828785,1,1,0,96,0
2458,17.809077922030156,13,1,7,0,0,0.01988543117040856,0,3,0,66,0
2994,9.01719434656532,8,0,13,0,0,0.0196617916353222,0,1,0,85,0
66,3.444007058932961,27,9,1,0,0,0.45629638394557864,9,1,0,26,1
653,23.810080194860294,4,2,17,0,0,0.0024671738518015607,1,2,0,91,0
2717,22.91434313482977,3,0,12,1,0,0.013626066610953533,1,2,0,76,0
866,3.2594048203488515,4,0,19,0,0,0.01964805425673287,1,3,0,61,0
2018,17.846320832276064,14,0,9,0,0,0.00851621585742133,0,1,0,52,0
1281,19.842867412043606,10,0,6,2,0,0.01853892149557171,1,2,0,83,0
1739,21.1936434306512,4,1,5,0,0,0.02091077465792362,2,2,0,79,0
1619,3.0018961395161488,1,0,13,0,0,0.0002816075573860673,1,1,0,81,0
2556,6.653571104041519,9,1,12,0,0,0.06158915018668796,2,0,0,87,0
1937,21.73163994053422,12,2,18,0,0,0.004657547255745621,1,3,0,64,0
85,3.5760735716247236,49,7,1,1,1,0.4537642362354527,7,1,0,4,1
2751,1.989159892939608,3,2,18,0,0,0.1052321086618662,1,3,0,66,0
491,19.09569857721393,1,0,11,0,1,0.028826898604968346,0,2,0,67,0
1728,21.302890755488708,9,0,17,0,0,0.004634632422453632,2,3,0,55,0
2389,22.372920154166273,6,1,18,0,0,0.008690599336777538,1,3,0,97,0
218,11.888220274382988,12,1,3,0,0,0.031425223453258884,1,2,0,83,0
88,2.451635876121531,42,14,1,2,0,0.45085318806803687,5,1,1,28,1
1848,13.623289104561351,10,0,18,0,0,0.018336748178595083,1,3,0,80,0
486,21.35417908815352,1,1,17,0,0,0.015250313285943225,0,2,0,51,0
1056,6.206084369854176,14,0,18,1,0,0.05104470049353757,2,2,0,67,0
664,9.728566777618529,11,1,14,1,0,0.05807713416383337,2,1,0,53,0
2315,17.91305686931231,12,1,11,0,0,0.011434035109448152,1,2,0,81,0
2728,18.962905553144804,10,2,19,1,0,0.0033441120412885782,0,1,0,63,0
519,2.0249679393196205,9,0,2,0,0,0.002646395550291493,1,3,0,58,0
1057,23.896051286197913,13,0,6,0,0,0.040460829474134805,1,2,0,73,0
2773,8.223398284832836,3,0,16,0,0,0.00713436977189279,0,2,0,95,0
1816,19.936116885876512,2,1,9,0,0,0.02589026470056142,1,2,0,83,0
1707,10.41799061911969,11,2,3,0,0,0.004033797195299555,1,0,0,51,0
943,11.144659639768026,14,1,19,0,0,0.011642415827218517,0,3,0,89,0
1320,18.186050518066867,5,1,15,0,0,0.031651275030028556,1,0,0,71,0
2367,21.504040359340657,5,2,13,0,0,0.014103720314359984,2,2,0,68,0
893,9.777074616945603,13,2,15,0,0,0.011689049429835306,2,3,0,82,0
572,8.316565733216748,9,2,13,1,0,0.039283549394880324,2,3,0,54,0
2100,6.889093997413949,4,2,18,2,0,0.08563322017118541,0,1,0,67,0
2385,22.674901439351363,10,1,6,0,0,0.025184611602939323,1,3,0,84,0
1610,9.51913068433205,3,0,15,0,0,0.01663957904352616,0,1,0,73,0
705,5.957186982200632,11,2,19,0,0,0.024652813453402214,0,2,0,65,0
2240,11.645594965364564,2,2,13,0,0,0.0001557982212461351,2,3,0,75,0
42,3.5983192849161507,49,13,1,3,1,0.8862564214388909,9,1,0,16,1
1434,12.018611451377078,12,1,19,0,0,0.035914236843371104,2,0,0,71,0
297,2.8907624653709783,9,1,15,0,0,0.0009082181701713528,0,1,0,83,0
2404,8.780051422644013,6,2,19,0,0,0.005812264921014941,2,2,0,87,0
946,15.673659733245845,1,1,14,0,0,0.012922474278399654,2,0,0,91,0
193,21.96498974648228,8,2,15,0,0,0.0024078458379143152,1,3,0,92,0
2256,4.648355324106693,9,1,19,0,0,0.004276985431075958,0,1,0,80,0
1823,4.874220858282552,1,2,4,0,0,0.04661476351394474,0,2,0,58,0
274,18.523856863045555,0,1,8,0,0,0.0014402338613022112,0,1,0,72,0
1052,17.52387228583091,11,1,12,0,0,0.010200068412704965,1,0,0,66,0
544,8.828742131333524,12,2,19,0,0,0.06169496036562507,1,3,0,59,0
1352,14.473633357353744,13,1,9,0,0,0.09081254610021659,1,1,0,95,0
2684,21.22317917995028,13,2,5,0,0,0.01793908683505246,2,0,0,78,0
568,10.55977029377583,8,2,7,0,0,0.013831428595482018,0,0,0,91,0
1066,15.379709699200172,12,0,13,2,0,0.09558517580664046,1,2,0,69,0
2672,12.191746231606322,5,0,19,1,0,0.039501541905047316,0,2,0,90,0
181,17.50562307589848,12,1,5,1,0,0.012716634120803559,2,0,0,87,0
1740,1.3637035133581277,6,0,7,0,0,0.004699763879078219,0,1,0,59,0
2372,23.223598446256357,12,1,7,0,0,0.0035985747376207663,0,1,0,75,0
549,19.177767924783407,2,2,13,1,0,0.0072512737533406224,0,2,0,95,0
1342,8.881030226781053,4,1,8,0,0,0.06352167811009356,0,3,0,54,0
1245,16.241283800365174,10,1,18,2,0,0.0006529382860994908,2,0,0,52,0
349,1.7502128118560296,9,2,9,0,0,0.001996111569198931,1,2,0,97,0
975,1.3373423120640675,5,1,6,1,1,0.006870771132079949,2,1,0,89,0
1261,2.4861836364139815,14,0,10,0,0,0.014416644866004406,1,1,0,64,0
67,0.828553522547814,9,14,1,3,1,0.5482892701938198,9,0,0,7,1
676,2.9002062595631797,12,0,2,0,1,0.007451490792729075,0,1,0,97,0
101,0.7780172228868273,14,5,1,3,1,0.6185976308371569,5,1,0,22,1
2126,9.53776315946996,7,0,2,0,0,0.022718697788713417,0,2,0,90,0
497,22.790090740488278,13,2,12,1,0,0.0037199285713789493,0,1,0,61,0
37,2.0277265241170785,45,4,1,2,1,0.5574088900400654,4,0,0,6,1
1316,5.20456644310871,7,1,15,0,0,0.01130271085174612,2,3,0,98,0
1272,12.39539837960258,3,1,11,0,0,0.004524520536253423,1,2,0,87,0
1064,7.39174823672396,2,2,4,0,0,0.01014592344154202,0,1,0,89,0
828,10.909828105374768,9,2,5,0,0,0.058051217529057196,1,1,0,62,0
2541,15.563361398309674,7,2,12,0,1,0.016274609963766295,1,3,0,82,0
1596,15.79739913797104,10,0,19,0,0,0.024923277800877032,2,3,0,79,0
1223,23.083859048761145,14,1,16,0,0,0.00547847197050745,1,1,0,92,0
517,23.516022661945392,14,1,3,0,0,0.04230839079043532,0,1,0,50,0
1779,9.678214212345443,13,1,7,0,0,0.02669303934289913,1,0,0,56,0
2975,3.2428294897406413,8,2,14,0,0,0.0041147544444140646,2,3,0,87,0
2806,19.860290469745188,12,2,3,0,0,0.02863509094925823,1,2,0,83,0
1259,21.823277108391018,5,0,14,0,0,0.0044560851556755265,2,0,0,57,0
95,3.440506165121493,16,11,1,0,1,0.940246982853171,8,0,1,16,1
2740,16.43168910907768,10,2,2,0,0,0.03957728186310259,2,3,0,77,0
281,2.9628507391394714,2,2,6,0,0,0.09973092438903686,1,2,0,71,0
2959,7.341556621197702,6,2,19,0,0,0.038114096214469956,2,0,0,92,0
2458,8.295501485604166,4,0,8,0,0,0.040987877971091734,0,1,0,94,0
1454,21.17917908072098,13,1,12,0,0,7.504250274091492e-05,1,3,0,84,0
2804,7.944084101782542,4,0,19,0,0,0.008218543597399439,1,3,0,59,0
1476,19.454149570663077,2,2,9,0,0,0.0005604154691206979,2,1,0,60,0
1549,9.542397055953238,5,0,4,0,0,0.0011416518133771244,0,3,0,58,0
382,17.04642443296173,12,0,12,1,0,0.04158715010812709,0,3,0,55,0
430,15.253895142961051,1,0,9,0,0,0.01015139108052098,1,1,0,93,0
2861,5.824317796724671,14,2,2,0,0,0.025946253195806783,2,0,0,53,0
918,18.869344237526185,12,1,13,0,0,0.01981733458451091,0,2,0,97,0
2138,2.438471218639474,13,0,11,0,0,0.1111689416354242,1,1,1,60,0
1338,1.0284436344664172,7,1,10,0,0,0.0247502769289257,2,0,0,81,0
2731,11.681964433187485,1,1,6,0,0,0.09188888280451098,1,0,0,94,0
220,5.347909068733229,5,1,10,0,0,0.012895807615175864,0,0,0,73,0
83,3.687977226008857,13,10,1,3,0,0.9069340406957742,7,0,1,17,1
2242,12.037632876617684,3,2,2,0,0,0.017511914060005834,1,3,0,59,0
1477,14.326542684900518,11,0,18,0,0,0.012066060091834224,0,0,0,55,0
54,3.530166800727792,49,4,1,0,0,0.9309153378900032,5,1,0,5,1
115,3.6043425677869454,39,6,1,3,1,0.946829993996801,6,1,0,24,1
1218,23.846749559248455,0,0,11,0,0,0.01586995686225867,2,3,0,67,0
2316,3.1225502176849167,7,0,8,0,0,0.0028635377424263276,1,1,0,57,0
2259,14.932371972198304,13,2,2,1,0,0.0013482995300372138,0,0,0,98,0
2647,23.881733380364395,8,2,4,0,0,0.03775496831492379,1,2,0,88,0
134,4.4875288845283965,32,7,1,0,1,0.9840813378968436,7,1,0,14,1
1700,3.296936886132098,7,0,4,0,0,0.0022260939301855616,2,0,0,82,0
1131,23.771986649552087,14,0,6,0,0,0.00436848537259957,1,1,0,69,0
2218,20.484849311569207,0,0,18,0,0,0.014875694309294078,2,2,0,80,0
896,19.100313103106327,8,0,13,0,0,0.02043804761383048,2,1,0,68,0
995,4.920992578000103,5,1,6,1,0,0.020799421758246273,2,1,0,50,0
2962,10.17930432569563,7,0,10,0,0,0.04718088202766344,0,1,0,92,0
765,8.7501886915015,3,2,11,0,0,0.028293445399758758,0,0,0,64,0
85,0.3787484479451304,11,5,1,2,1,0.4896276871826959,9,0,1,25,1
1890,19.34358929235559,3,1,5,0,0,0.028453520289144035,2,1,0,77,0
226,11.463134458674503,14,0,15,0,0,0.008301660562552073,1,1,0,98,0
2280,19.868682671326386,0,1,2,0,0,0.011097938417357251,0,2,0,72,0
207,2.6714300470303747,5,2,10,0,0,0.00046756002355797496,2,0,0,79,0
749,12.02515212317059,9,0,2,0,0,0.035820329735389324,1,2,0,53,0
39,2.393599943316983,47,6,1,3,0,0.9017158586514942,6,0,1,11,1
1133,16.602712925668264,0,1,6,0,0,0.018755630928648247,1,2,0,85,0
254,2.487798550848026,14,2,5,1,0,0.018581010112003478,1,0,0,94,0
415,16.534664773583053,8,0,6,0,0,0.015749527125976284,0,0,0,97,0
89,3.9339531065444873,32,12,1,0,1,0.5170236908398297,7,1,0,24,1
2980,22.916626307950033,1,1,19,0,0,0.0035497443329670485,0,0,0,65,0
1173,6.071233997849447,4,0,11,0,0,0.03330118358396083,1,2,0,84,0
661,20.756003764674478,10,0,7,0,0,0.025095217453577616,2,1,0,59,0
9,2.8187267328208794,8,9,1,2,1,0.9521971459762232,5,0,0,6,1
743,15.961767899209462,8,1,3,0,0,0.004673568954823743,2,1,0,89,0
730,1.874502509461463,5,2,13,0,0,0.0005139778793012621,0,0,0,73,0
2881,13.982145085614297,4,0,5,1,0,0.038566374570647405,0,2,0,80,0
1220,18.986352703458248,9,2,13,0,0,0.0010626466280015754,1,1,0,81,0
360,15.442851213770624,1,1,16,1,0,0.028848579327758084,1,1,0,80,0
2512,9.332166003267597,0,0,15,0,0,0.0024559374026983023,2,0,0,94,0
895,16.294873873468795,5,0,9,0,0,0.013291034753355182,1,1,0,54,0
2791,11.556160025677869,10,1,18,0,0,0.0020725192839361013,1,1,0,66,0
2274,3.5976937934569917,8,2,19,0,0,0.005628977398649259,2,3,0,91,0
597,6.405855940487978,3,0,9,0,0,0.03332246057335293,1,0,0,88,0
1498,10.29751378181681,10,0,15,1,0,0.001207549411056872,0,0,0,78,0
128,4.265411704520117,43,7,1,3,1,0.7769442555653576,9,0,0,20,1
126,2.3431188212016356,26,9,1,2,1,0.7012345881413908,7,1,0,18,1
52,2.0317649070335753,15,8,1,1,1,0.7604281862211248,8,0,0,26,1
408,6.803066746306351,3,0,15,0,0,0.011961259530642237,0,1,0,87,0
74,0.32212338003517094,21,6,1,1,1,0.5469744183960699,9,1,1,17,1
2170,7.911255868809945,14,0,9,0,0,0.012803675268366357,0,2,0,72,0
1948,14.031233329942626,14,0,11,0,0,0.002801299601940227,2,1,0,75,0
307,11.440777506492212,14,2,19,2,0,0.023395576842587532,1,1,0,79,0
838,8.96540067754708,7,1,4,0,0,0.02453563809733112,2,3,0,51,0
700,9.773143952506164,0,2,6,0,0,0.01813364392597899,0,0,0,52,0
1471,1.9581068228016958,13,2,14,1,0,0.03120457593053889,1,1,0,92,0
421,13.96417933366153,2,0,14,0,0,0.0035255824400851525,1,1,0,97,0
1588,3.505121862474823,9,1,3,0,0,0.004966227147072953,2,2,0,88,0
1865,12.61143228353941,10,1,2,0,0,0.0010262621211957208,0,0,0,64,0
46,2.4282211827687243,39,6,1,1,1,0.42828358496189506,7,1,1,15,1
2855,11.96399592594666,9,2,18,0,0,0.011737759948256592,2,1,0,89,0
650,2.1463666390076557,10,0,8,0,0,0.01685671053123242,0,2,0,97,0
2135,12.896505779429635,9,0,4,1,0,0.002343696001744242,0,2,0,79,0
1363,18.7703227313358,12,2,19,0,0,0.010038278024632665,2,0,0,85,0
1997,14.233174274785787,11,2,8,0,1,0.03231011572035959,0,1,0,55,0
2784,7.79056145726177,10,2,19,0,0,0.037626425449515936,2,1,0,56,0
2851,15.402051946642178,5,1,2,0,0,0.010883246429595227,1,2,0,74,0
2216,4.5967815012793025,7,2,7,0,1,0.046048357515243346,2,3,0,85,0
2481,8.75622405337467,7,1,18,1,0,0.04375267502758718,1,1,0,55,0
2926,9.288689858397994,9,2,8,1,0,0.0014068657482538259,1,1,0,89,0
305,10.693212956322691,1,2,2,0,0,0.04353034941312421,1,3,1,99,0
1917,12.813054070519465,14,2,5,0,0,0.02999655204950777,1,3,0,56,0
275,22.29052111025637,5,1,16,0,1,0.04844002338943581,1,0,0,71,0
2169,17.795661383073355,8,0,10,1,0,0.02781796829637127,1,1,0,99,0
63,4.669823384134635,19,15,1,1,1,0.5974586553844613,4,0,0,29,1
2962,13.83497347842624,12,2,8,0,0,0.04158516055025064,0,0,0,64,0
726,6.498272640537109,10,0,3,0,0,0.02563388915069577,1,0,0,82,0
1317,10.921754921803718,2,0,19,0,0,0.003382350090108312,1,0,0,98,0
59,2.324973107130475,24,10,1,2,1,0.6605558561121183,6,1,0,19,1
979,23.34525997498354,0,1,4,0,0,0.011417890009282035,1,0,0,54,0
1242,18.074005163167712,1,2,11,0,0,0.01325130460265707,0,1,0,70,0
2103,11.077963967475716,8,2,13,0,0,0.010342126471943627,2,2,0,71,0
181,16.45728889130183,10,2,6,0,0,0.022757960697480942,1,1,0,64,0
2001,3.48270543686868,10,1,10,0,0,0.05226594107525802,1,0,0,69,0
366,13.802652332544497,7,0,4,0,0,0.005575819063355524,0,3,0,99,0
864,7.683513875546167,13,2,19,0,0,0.006664685138778904,0,3,0,85,0
2322,23.73356775647776,9,0,4,0,0,0.025307594095982124,2,3,1,64,0
958,13.640944176207404,1,2,14,1,0,0.015969639080580002,0,3,0,88,0
2649,18.246567582038725,10,1,7,1,0,0.13086569478719398,1,0,0,61,0
448,10.62735429735051,11,2,3,0,0,0.04820823993382652,2,2,0,58,0
1249,4.720576861098521,3,2,3,0,0,0.030896661252084023,1,0,0,70,0
1521,2.9389302360610587,1,1,13,0,0,0.01908681985716966,0,3,0,81,0
639,3.756067046405866,8,0,2,0,0,0.03172292999177558,2,0,0,73,0
2837,21.285819903597623,5,0,17,1,1,0.02734024903440825,2,0,0,68,0
42,3.2603224766514614,24,6,1,3,1,0.6162920330056703,7,1,0,6,1
654,9.828484492959314,4,2,11,0,0,0.005659938885214016,2,3,0,57,0
11,1.8701235034106631,43,10,1,1,1,0.680908587858907,8,0,0,7,1
1640,20.479130746036876,5,1,8,0,0,0.0006254086434245036,1,3,0,52,0
1226,15.860212025116448,0,2,6,0,0,0.024278150718021467,2,3,0,90,0
878,14.361437225044348,7,2,7,1,0,0.011815938881496204,0,3,0,70,0
760,19.604319617635547,14,1,2,1,0,0.010613153964431013,0,1,0,62,0
1722,20.3653185444243,3,1,14,0,0,0.05157941070288824,2,2,0,90,0
2317,14.893648572638043,0,2,5,0,0,0.010781369969822863,2,3,0,92,0
311,6.903967251131054,13,1,3,0,0,0.019730959156826492,0,2,0,77,0
2832,3.1852690768230074,14,1,3,0,0,0.021429335493249373,2,2,0,63,0
832,18.156279802714515,14,2,3,1,0,0.006230392447946737,1,2,0,54,0
1595,15.506110836652056,6,1,17,0,0,0.04420275399814875,1,1,0,52,0
2245,11.199484236783794,14,2,18,0,0,0.008398140589241609,0,0,0,56,0
2349,9.1617991071614,0,0,16,0,1,0.030151442220324533,2,2,0,82,0
1062,18.552571698954456,14,2,6,0,0,0.014221182983065081,2,3,0,78,0
1275,5.682300447871581,13,0,14,0,0,0.03203891732107331,1,2,0,55,0
2861,10.714844010239036,13,1,3,1,0,0.03903789158363403,2,0,0,87,0
693,3.59742778177826,10,1,2,0,0,0.02613239977956101,1,3,0,74,0
2989,23.806533404016303,13,0,8,1,0,0.004686337134970262,2,3,0,93,0
196,19.981580489356627,13,0,13,0,0,0.004968999671800749,1,0,0,83,0
2349,5.0064467412998335,2,1,2,0,0,0.01697730655646258,1,3,0,72,0
788,21.835495410118487,12,2,14,0,0,0.0014773816223895401,2,1,0,88,0
1006,17.99761082912305,14,2,13,0,0,0.0037907280526084876,2,1,0,53,0
1999,10.97741178185975,1,1,18,0,0,0.06450407870452764,0,1,0,88,0
2991,20.577007999613727,12,2,11,0,0,0.00428900360321116,0,2,0,90,0
2248,10.315478378847395,4,2,18,0,0,0.03182215737397119,1,0,0,71,0
575,3.436406388845338,12,1,11,2,0,0.041898241004670864,0,2,0,85,0
820,5.742281783923808,10,0,17,0,0,0.015447251468930794,1,2,1,79,0
1913,8.599384089142799,3,1,4,0,0,0.009298029070969757,2,3,0,92,0
1182,21.85968460320118,1,1,19,1,0,0.004843252235940091,2,0,0,81,0
1118,10.012740817408813,5,2,5,0,0,0.05041567267638038,1,0,0,67,0
93,2.7761574969152627,7,9,1,2,0,0.807924888501776,8,1,0,3,1
2893,20.92688982778087,8,0,18,0,0,0.003069696465434083,2,0,0,83,0
424,8.75882324339154,11,1,8,0,0,3.1551404208248277e-06,2,0,0,54,0
1710,3.7253242516732135,13,1,11,0,0,0.03111328909533203,2,2,0,88,0
84,1.581752747161991,46,5,1,1,1,0.9967775727949321,7,1,1,17,1
269,7.503150860311526,13,0,2,0,0,0.03610121090496142,1,0,0,55,0
1123,7.447692598204981,12,0,3,0,0,0.004964117888954207,0,1,0,70,0
1139,3.7059276548918483,2,1,8,0,0,0.004524654911697693,2,2,0,80,0
553,23.529669328780408,3,1,15,0,0,0.05731121409961544,1,0,0,60,0
2965,15.61520385016902,3,0,10,0,0,0.005961115509609609,2,2,0,79,0
2033,12.48467820450822,12,2,13,1,0,0.00166532117733394,0,2,0,62,0
1335,6.185091375664959,14,0,13,0,0,0.025291844222396987,1,2,0,72,0
82,4.795662567049373,46,7,1,1,0,0.6881140463932167,5,0,1,23,1
1711,12.411826834604048,10,0,3,2,0,0.01641979237080581,0,0,0,99,0
1316,1.07286051735614,8,1,16,0,0,0.009596532780679191,1,0,0,81,0
2825,9.83751126315977,0,1,16,0,0,0.008297377945456623,2,2,0,84,0
839,17.835035554469595,6,1,8,0,1,0.06206570656169417,0,1,0,72,0
1118,4.800567160179874,2,1,16,0,0,0.044988253231530786,2,0,0,69,0
204,3.891658186821203,14,0,12,0,0,0.005098887575729159,2,2,0,65,0
544,18.727954220069236,5,1,8,0,0,0.007021870670168782,2,3,0,85,0
1759,14.927377625832305,8,1,10,0,0,0.028442090608903108,1,1,0,50,0
927,9.260473682323324,10,2,4,0,0,0.007767636297070797,1,3,0,70,0
1858,9.640461793279709,12,2,8,0,0,0.04061412937660944,1,2,0,71,0
908,4.46555047732718,4,0,19,0,0,0.002967652780471638,2,1,0,50,0
2148,6.849405567101285,9,0,4,0,1,0.006616051065058711,0,0,0,66,0
2445,17.06115661623417,13,1,16,0,0,0.016674147805440128,1,0,0,97,0
559,14.44742611017954,3,0,2,0,0,0.01143237964255319,2,3,0,81,0
1989,16.574505486526494,11,2,6,0,0,0.0513164055384193,0,3,0,89,0
1168,13.856554584294804,3,1,14,0,1,0.0023543407551933114,2,2,0,96,0
138,1.5775656651154406,22,18,1,3,1,0.9456826415591094,3,1,1,22,1
108,2.4492865208113286,30,4,1,1,1,0.9057427351682757,8,0,0,18,1
1316,5.39573031840806,11,1,3,0,0,0.008854517929592022,0,3,0,97,0
2703,11.735987776317323,5,2,8,0,0,0.00974598154739827,1,0,0,98,0
717,2.8392040702639445,10,1,9,0,0,0.0517381166516995,2,2,0,82,0
201,4.958052273790965,14,0,9,0,0,0.004198531326907676,1,3,0,62,0
81,3.9836965869630667,48,12,1,1,1,0.5799855290609783,5,0,1,1,1
2781,11.32362064851829,7,0,4,0,0,0.0069536361694893765,2,2,0,70,0
1492,19.584520487850718,2,1,19,1,0,0.015838505776335273,0,3,0,65,0
1513,22.71159302335382,4,1,6,0,0,0.00020573164704425253,1,1,0,65,0
1403,7.1335295232254845,12,2,18,1,0,0.05105463063750971,1,0,0,79,0
1115,17.187223152781677,2,1,11,0,0,0.011945101616083377,0,0,0,88,0
1048,7.339083789615745,12,2,17,0,0,0.029891372158207093,1,2,0,85,0
2021,3.8068061988610857,11,2,8,0,0,0.014857588739139806,2,1,0,70,0
2947,3.8283285961814144,1,2,18,0,0,0.026784637217897336,2,2,0,84,0
2738,20.227955466967817,12,2,10,1,0,0.005369917329819372,1,1,0,87,0
2161,18.4996499238334,2,0,2,0,0,0.07367587491061235,1,2,0,98,0
2890,2.238738760954601,7,2,11,0,0,0.021607536329452493,1,3,0,60,0
149,4.711986011966924,25,16,1,0,1,0.9701507161201347,3,1,0,4,1
214,11.166560597005724,5,1,8,1,0,0.015279544421118611,2,1,0,86,0
1432,18.999384616580773,4,1,9,0,0,0.00899394438313415,1,2,0,88,0
1225,17.955145175166592,1,1,2,0,0,0.008725153016806453,0,2,0,79,0
1348,5.970080423262073,14,2,4,0,0,0.017533386241127897,1,3,0,90,0
1108,16.775959234146868,11,1,5,1,0,0.020807212132335235,2,3,0,92,0
1418,10.565869421379638,9,0,18,0,0,0.03279053690518263,1,0,0,74,0
861,7.819264969516251,14,2,17,1,0,0.05396652337066586,2,3,0,53,0
2112,1.2831231693697385,1,2,8,0,0,0.02694423814926311,1,2,0,52,0
1172,17.592707548560828,8,1,18,0,0,0.036309571057432447,1,1,0,90,0
2221,20.733683840222234,9,1,18,0,0,0.007919534012446147,0,1,0,57,0
2063,8.52202681549181,8,0,14,0,0,0.015983292602726944,2,1,0,69,0
2268,4.59176843022,6,0,10,0,0,0.03734076706011032,2,1,0,63,0
1526,8.21573689746421,9,2,17,0,0,0.02445766328047521,2,3,0,61,0
1819,4.1231480824705535,11,2,14,0,0,0.011979422876990026,2,2,0,66,0
2139,13.3132363423812,0,1,7,0,0,0.0803973128538137,1,2,0,77,0
302,3.582999921458041,5,1,14,0,0,0.004170025040200711,2,1,0,66,0
589,17.119955624812935,8,1,19,1,0,0.0021702610618156044,1,2,0,93,0
1146,11.54472776509293,11,1,15,1,0,0.032760546996548574,1,3,0,69,0
2067,16.091082414473355,8,1,19,0,0,0.04522864370632937,0,2,0,83,0
2694,7.243087285586605,6,2,18,0,0,0.00800405384447725,2,2,0,69,0
2592,15.021513268108745,13,2,12,1,0,0.08177691791956768,1,1,0,87,0
1230,6.692731682229475,13,1,7,0,0,0.028781710515851863,0,2,0,92,0
2323,13.829704186754608,14,0,18,0,1,0.04081290962115555,0,2,0,67,0
2166,4.443191263010028,2,1,9,0,0,0.01299756502487609,0,2,0,97,0
1436,12.060838017320602,9,1,2,1,0,0.021329329050669345,2,3,0,90,0
1666,11.220403032554831,10,1,7,0,0,0.00979287745645931,2,0,0,86,0
2289,3.113030417331028,2,1,2,0,0,0.0059459533836179225,2,0,0,69,0
98,4.7505757357492895,16,14,1,0,1,0.8589635910409696,8,0,0,12,1
218,4.426993931432599,3,1,11,0,0,0.014237998003783326,1,3,0,86,0
1819,10.078890138431047,14,2,5,0,0,0.012706963341665503,2,0,0,59,0
542,4.8492738621884435,2,0,10,0,0,0.024630123491908233,2,2,0,51,0
277,7.186264726693877,5,2,19,0,0,0.00044817493064367624,1,2,0,59,0
2793,11.336978209915967,0,2,14,0,0,0.028899295645070388,1,3,0,51,0
984,19.9468960723268,9,1,18,1,0,0.0027176835160218253,1,0,1,70,0
1332,23.38124820561797,7,0,19,0,0,0.039079639754813114,2,2,0,87,0
220,19.10391185983689,10,0,14,0,0,0.006797746922433271,2,0,0,70,0
2064,9.704957740174988,4,2,10,0,0,0.017331491323353338,2,1,0,50,0
654,16.579908394930488,9,0,13,0,0,0.02277848575002304,1,1,0,61,0
1680,11.999382530105663,2,1,15,1,0,0.023910919349645014,1,3,0,80,0
2059,11.613246773408191,8,0,9,0,0,0.006971917474749718,0,1,0,56,0
1167,2.367846083947458,13,0,2,0,0,0.00770290016470458,0,0,0,81,0
1210,10.391045883467376,5,1,17,0,0,0.012504946182695409,1,3,0,64,0
216,6.25997141620839,1,1,8,2,0,0.006450602732449984,2,1,0,65,0
959,16.217544058536376,9,0,4,0,0,0.04624533539858848,2,1,0,75,0
2615,16.24028941719137,1,2,3,1,0,0.014385002446835823,1,0,0,93,0
682,14.275260444370208,5,0,8,1,0,0.02999089810256662,0,0,0,75,0
1256,7.791400652067132,7,2,12,0,0,0.0020893189872069977,1,0,0,58,0
1658,6.451640713491733,6,2,6,1,0,0.015714023336154716,0,3,0,92,0
444,14.274974015613651,2,0,19,0,0,0.01437701704745083,1,1,0,80,0
381,13.270774281892999,5,0,15,0,0,0.0011130960157647843,2,2,0,60,0
1097,3.6925189527558793,11,1,3,0,0,0.0002534514316937574,1,1,0,55,0
542,9.380147483849337,10,0,16,0,0,0.04341774993788168,1,1,0,63,0
2178,9.741713705555721,6,0,9,0,0,0.0980981619348684,1,3,0,60,0
1200,18.599389884783047,14,2,11,1,0,0.021653044354827112,2,0,0,71,0
1785,8.829334397039988,6,0,7,0,0,0.005596780130348662,0,1,0,53,0
851,3.139701188580626,11,1,10,0,0,0.007208561995412552,2,0,0,89,0
2061,18.305838540158167,11,1,7,1,0,0.018810056560916978,1,2,0,64,0
1256,15.720068237249015,12,0,10,0,0,0.010534721930860334,0,0,0,90,0
70,2.692899194682746,8,11,1,0,1,0.6373602849135089,8,1,0,7,1
1465,13.523632688132244,11,0,14,0,0,0.05261319109714832,1,0,0,76,0
1815,15.074631622758613,3,0,7,0,0,0.020515995095370904,0,3,0,82,0
1860,20.565645993911463,3,2,10,0,0,0.0024107136507794196,2,3,0,71,0
1750,21.291946790181495,2,1,19,0,0,0.0003572608696055073,2,2,0,88,0
1676,22.027439866883807,13,2,8,0,0,0.016197332705077002,1,0,0,66,0
1814,7.314425842002883,12,1,12,0,0,0.028715714310251734,0,3,0,85,0
1423,19.978040506360188,7,2,14,0,0,0.021072007761757137,1,0,0,60,0
217,20.487248357602766,6,1,13,0,0,0.006432783104854229,1,1,0,76,0
1834,9.964465910809318,7,1,8,0,0,0.0009564668094697884,0,0,0,88,0
2181,16.810346375133463,5,0,14,0,0,0.00740879497772473,0,1,0,83,0
1702,13.24163474300488,12,2,18,2,0,0.0019084634751733993,2,3,0,70,0
129,1.0433424719170104,14,4,1,1,0,0.5951351803188842,4,1,1,17,1
2345,16.171475427079073,7,1,17,0,0,0.018651338240731345,0,0,0,96,0
1961,7.6693127357030075,4,2,17,0,0,0.0025812575008268023,1,2,0,93,0
2516,17.856675121850863,8,2,8,0,0,0.011385735898257648,0,1,0,73,0
739,10.025055595154914,3,1,18,0,0,0.007491131654114719,2,2,0,69,0
1455,13.417834308550887,9,1,18,0,0,0.013041668171309553,2,2,0,75,0
874,9.560609011980043,5,0,7,0,0,0.007553480578541607,1,1,0,61,0
1113,7.1218642878573615,5,1,12,0,0,0.0018835386056979106,1,1,0,99,0
183,22.9839631255773,12,1,17,0,0,0.02333542165549293,2,2,0,72,0
2238,12.953198046573137,0,2,2,0,0,0.0007747716038997788,2,0,0,59,0
770,15.443847799894256,9,2,2,0,0,0.008544147594924527,1,2,0,85,0
1430,20.560847139499266,12,1,8,0,0,0.006819246884179719,1,2,0,50,0
1511,15.781517126465744,6,0,14,0,0,0.057214240183832255,0,3,0,53,0
1432,22.942761934455934,0,1,3,0,0,0.08531732797606598,1,3,0,60,0
1328,16.907215278094345,10,1,14,1,0,0.03155793194141265,2,1,0,60,0
1914,6.4104184504456505,0,0,8,0,0,0.004075845959097565,2,2,0,86,0
700,2.327167353565674,2,2,17,0,0,0.007735745027930638,0,0,1,96,0
2281,15.194583018099877,5,2,11,0,0,0.028257092458376737,2,2,0,50,0
492,19.855349514648733,2,1,8,2,0,0.0015368258111829467,1,0,0,66,0
2075,18.675945384047196,4,2,3,1,0,0.012783825326351694,0,2,0,53,0
2751,15.53966848128852,3,2,15,0,0,0.010725539890577538,1,1,0,51,0
2688,20.621061338283962,14,0,3,0,0,0.023306226791628703,2,0,0,84,0
442,14.732079088600909,4,1,7,0,0,0.07188192074030741,1,3,0,75,0
1505,12.45942801148328,5,1,6,0,0,0.12224453068934908,0,2,0,58,0
3,2.884969793935296,22,7,1,0,0,0.8397818006329929,3,0,0,11,1
2875,6.847165337642345,6,1,15,2,0,0.07101539338144307,1,3,0,90,0
2914,9.575518655345492,9,2,13,0,0,0.0070776255215023315,1,2,0,72,0
1569,20.076007420045787,11,0,4,1,0,0.012542369482118794,0,3,0,88,0
1164,22.511833266542535,6,1,3,0,0,0.006408895319838118,1,0,0,62,0
1188,9.886024926511256,9,2,12,0,0,0.04416644310163359,0,1,0,82,0
893,4.242071433000693,9,2,13,0,0,0.047176483984340864,0,1,0,89,0
55,4.655299101173725,17,13,1,1,1,0.8769577104620384,9,1,0,4,1
1379,23.410561489622925,1,2,13,0,0,0.015192470921466405,1,2,0,87,0
1040,10.275011305848132,6,0,5,0,0,0.00920526511140151,0,2,0,92,0
906,6.1350578666195155,2,2,4,0,0,0.0002473363194034428,0,0,0,81,0
2888,18.79139450529497,13,1,13,0,0,7.874122975521203e-05,0,2,0,93,0
2471,9.192269883704665,7,1,16,1,0,0.006755921206308247,2,2,0,77,0
925,4.3395197963471865,6,0,10,0,0,0.01691402399545695,1,3,0,81,0
2444,5.140240061872641,3,2,4,0,0,0.040113326967244636,2,3,0,87,0
309,22.535386541290606,14,0,6,1,0,0.004856954777710619,2,3,0,94,0
1104,13.925835491736557,2,0,15,0,0,0.05693743080920096,2,1,0,70,0
139,3.3251673002454973,35,16,1,0,1,0.5404474355213678,9,1,0,3,1
1838,18.465073592310098,7,0,8,0,0,0.018237896155036588,2,2,0,96,0
2360,9.35131694258224,7,2,15,0,0,0.014275813335977676,2,3,0,95,0
145,2.8226103103043525,37,11,1,1,1,0.6402067109298252,3,1,0,3,1
2495,3.98838826432113,5,0,19,0,0,0.003598201852390138,1,2,0,83,0
879,10.566709805382667,11,1,2,0,1,0.0020082601100438126,0,2,0,68,0
339,5.091426853127539,14,2,12,0,0,0.023706677796263134,2,0,0,78,0
953,5.0684043383086514,14,0,4,0,0,0.009196968248994434,1,0,0,98,0
2319,3.118190824356754,10,2,18,0,0,0.05669236843471409,1,1,0,82,0
2903,21.13675821071017,4,0,17,0,0,0.005718786757155232,1,2,0,70,0
2502,16.3379331926712,3,1,9,0,0,0.0024385234018020345,2,3,0,94,0
1976,5.332028926608833,6,0,19,0,0,0.01784655657526679,2,2,0,62,0
1208,19.117399357137298,4,0,8,0,0,0.010745479753653073,1,1,0,88,0
234,11.934351980551696,9,0,3,1,0,0.00016769583676059206,1,1,0,72,0
1460,17.975589836785893,1,2,16,1,0,0.007652733314423307,1,3,0,71,0
1680,22.817417161582977,2,0,7,0,0,0.0014730767720921515,0,2,0,70,0
2590,2.3591594717998254,8,2,18,1,0,0.012137933496933026,2,3,0,85,0
2601,8.595583924737323,2,0,12,0,0,0.028262854536919995,2,1,0,56,0
1327,18.708728105788616,6,1,4,0,0,0.03205792421500446,1,2,0,79,0
720,7.8279933148864576,13,2,3,0,0,0.015381337069830723,2,3,0,70,0
1193,3.9910989977561897,7,1,5,0,0,0.02273431160268759,1,3,0,83,0
2739,9.390359040324178,14,2,11,0,0,0.021046724930604756,1,1,0,60,0
876,13.392699207911239,12,1,5,1,0,0.002355347914608541,2,2,0,78,0
327,2.3280441929909967,6,2,17,0,0,0.0036568359482880546,1,2,0,96,0
30,3.501736206233373,14,18,1,3,0,0.5900830798993946,6,0,1,11,1
2113,21.576784344285596,13,0,5,0,0,0.04902513580968504,1,1,0,56,0
663,7.183475076415397,9,0,18,0,0,0.008051210777407872,2,3,0,54,0
1880,17.445890533565727,12,0,13,0,0,0.024659735021693763,0,3,0,76,0
1662,15.461590818736738,8,1,13,1,0,0.025029297114023876,1,3,0,53,0
2321,11.352861945654471,4,0,19,0,0,0.039186480441557286,2,1,0,51,0
655,10.29149115551061,11,2,11,0,0,0.023648591108368422,2,1,0,75,0
1060,8.845070562907072,11,0,18,1,0,0.02271233057195484,1,3,0,51,0
2975,11.346370783368863,11,1,4,0,0,0.0031307057988650107,1,2,0,78,0
2377,15.215188508605278,5,2,18,0,0,0.006586482951101205,0,3,0,62,0
2770,14.187034949610014,0,1,16,0,0,0.011350547725196001,2,2,0,58,0
2201,4.1630468207913545,10,0,10,0,0,0.010447139183333292,2,1,0,90,0
453,23.473397360186187,14,0,15,0,0,0.016121839993197173,2,2,0,81,0
2488,7.727847094627061,12,0,6,0,0,0.05239387496006051,1,3,0,85,0
1492,16.157817286684658,12,0,18,0,1,0.0048351561785682125,2,2,0,79,0
2261,19.009382658284856,2,2,5,0,0,0.01193316543203534,0,0,0,94,0
732,5.937360871368346,4,2,2,0,0,0.030721362647230015,0,2,0,65,0
2729,23.910827841707146,14,1,14,0,1,0.04320130044581249,2,0,0,76,0
189,20.645127945961598,13,2,4,0,0,0.015104217866287031,2,2,0,92,0
269,3.5485831301355617,10,1,18,0,0,0.0032388205072883696,2,1,0,76,0
447,6.876346927078908,9,1,11,0,0,0.046385143400992764,0,2,0,74,0
37,3.2514911107003743,35,14,1,1,0,0.957799159780269,9,0,1,6,1
716,1.6250253700894157,5,2,18,1,0,0.02616983180794738,1,1,0,72,0
2322,21.05912110051696,7,1,17,0,0,0.036065981632252754,0,3,0,84,0
878,18.43825525476036,2,2,15,0,0,0.0010753748379295775,0,0,0,88,0
2718,1.130313734180047,12,1,8,0,0,0.017079016593127116,0,1,0,85,0
1032,22.78182771799063,0,0,10,0,0,0.036011785862362554,1,3,0,82,0
543,14.87571153144369,9,1,12,2,0,0.008825874794046404,1,0,0,74,0
1680,15.762779053673174,5,0,5,0,0,0.018010935392961155,0,2,0,68,0
1266,1.792608966775,8,0,12,1,0,0.04677654011267731,2,1,0,72,0
2215,5.969181395268806,10,0,9,0,0,0.0010963090192622899,2,2,0,59,0
2548,14.858722768385894,6,2,16,1,0,0.04413296689778338,2,2,0,89,0
919,23.421197013965575,14,0,8,0,0,0.00783053716481274,2,0,0,76,0
772,6.172474986765987,0,0,14,0,0,0.0021169997722026296,2,3,0,52,0
964,16.325058374205913,2,0,7,0,0,0.061861396019212325,2,2,0,64,0
1522,2.020918759929652,3,2,12,0,0,0.0776685876850749,1,0,0,95,0
2086,3.7058117276644795,9,1,3,0,0,0.008960135377721518,2,3,0,67,0
853,1.4127506070753122,12,1,15,0,0,0.005153382388391294,1,3,0,67,0
599,9.910029470379165,2,0,5,0,0,0.0073736512579901485,0,2,0,64,0
2174,7.544932940546643,14,0,12,0,0,0.014176760285157462,0,2,0,78,0
1152,16.629648324079895,10,2,2,0,0,0.058670619236883,2,2,0,76,0
2443,2.0593048863689964,12,1,9,0,0,0.002821382300278764,0,1,0,52,0
975,4.408092349288745,10,0,5,0,0,0.029808368173443896,2,2,0,65,0
1072,19.590335109786565,9,1,11,0,0,0.037461400988883155,2,2,0,50,0
1153,15.165974060564588,14,2,6,0,0,0.007050259478651672,0,2,0,93,0
2779,11.652972485280861,6,2,18,0,0,0.023775586151458375,0,3,0,94,0
1193,3.6723920000852575,14,1,8,0,0,0.009941570180407757,2,0,0,87,0
1508,2.161245721485382,11,0,3,0,0,0.020158504643245114,2,1,0,89,0
1937,14.414922326490657,9,0,14,2,0,0.01368411260593444,1,0,0,61,0
2840,2.571841517241989,14,1,13,0,0,0.009976653843994194,2,1,1,66,0
1058,2.18902725655512,2,1,16,0,0,0.04715628841815419,1,3,0,90,0
1881,7.864002984323164,7,0,9,1,0,0.01954343618161641,2,0,0,75,0
2016,13.085002988550936,1,2,2,0,0,0.0286551158987999,1,3,0,97,0
881,22.688627786768976,2,0,4,0,0,0.015243005965955164,2,3,0,75,0
1108,7.167197462196808,6,2,18,0,0,0.007419242114450397,0,2,0,84,0
2342,20.312172081302176,9,1,3,0,0,0.041376942132673886,1,0,0,71,0
2135,11.32188419812227,3,2,8,0,0,0.04135968492115348,2,2,0,90,0
1664,3.0810789916021672,6,2,13,0,0,0.0019096599005282856,0,1,0,82,0
1287,18.154780888421275,3,1,15,0,0,0.031088242625981276,2,0,0,92,0
2400,4.028949084856886,10,0,8,0,0,0.007796200745432757,1,1,0,88,0
2433,2.9301493238928766,9,0,13,0,0,0.005798075707129464,1,0,0,51,0
227,15.116880632761077,6,0,8,0,0,0.011608937205988712,1,1,0,73,0
954,13.629997734374971,8,1,13,0,0,0.004924904101138719,1,0,0,56,0
1805,9.647836468650162,14,0,17,1,0,0.004328802747742672,0,2,0,85,0
201,16.425537083793486,7,0,12,0,0,0.09666269122294888,1,3,0,75,0
2793,14.228757061422373,8,1,17,0,0,0.002510788261934016,2,3,0,51,0
230,7.103910411328475,12,2,2,1,0,0.009398938187471695,2,1,0,75,0
2618,16.982294594547064,2,1,12,0,0,0.013176399478475175,2,2,0,57,0
1492,14.772590816820303,14,1,7,0,0,0.017821214092780972,2,0,0,51,0
804,20.405958507354658,6,0,10,0,0,0.026239096868169755,2,2,0,63,0
7,0.6335199185527122,9,11,1,3,1,0.883289015987146,5,1,0,25,1
1962,2.5803951479201586,7,0,5,1,0,0.01947391415797521,2,2,0,64,0
2486,10.034256843614898,10,1,18,0,0,0.004106172466408464,1,2,0,63,0
2288,13.12635119733999,4,2,6,0,0,0.004541875292622436,1,2,0,67,0
627,18.45858560294264,4,1,18,0,0,0.010084427806146448,1,3,0,99,0
2963,18.944900458892352,7,0,6,0,0,0.015049674417855307,1,1,0,70,0
1152,10.070402447822055,14,0,7,0,0,0.028137613640002394,2,1,0,86,0
506,3.1544656762359344,9,0,7,0,1,0.0005064405260297314,2,1,0,78,0
826,3.2400480287317,10,0,14,0,0,0.007654797023458198,1,3,0,61,0
2998,6.201382186568638,1,0,19,1,0,0.020551662061932353,0,1,0,94,0
2748,1.3997351742660316,11,1,16,0,0,0.014262506351930064,1,1,0,53,0
38,2.863071352863404,29,4,1,2,0,0.9742337778881859,5,0,0,10,1
361,21.341758336545475,4,0,11,0,0,0.008210728979866095,1,0,0,73,0
1349,20.30760091851764,8,1,11,0,0,0.010168028435901455,0,0,0,83,0
1930,1.7227018947592774,1,1,19,0,0,0.016865668077213257,0,1,0,59,0
20,4.643200467508803,44,13,1,2,1,0.7000954037695266,9,1,0,13,1
1825,11.214937402812287,10,2,11,0,0,0.0026087515808012234,1,2,0,76,0
1131,13.942369077513801,5,1,13,0,0,0.016049389952683034,1,1,0,99,0
1150,1.6785932683397364,1,0,11,0,0,0.0006747380168159045,0,1,0,84,0
120,4.131001949346809,7,5,1,2,0,0.7937400593761792,5,0,0,25,1
2262,4.602684050397591,2,0,10,0,1,0.044411820803690674,1,3,0,75,0
370,5.875597290751486,14,0,11,0,0,0.057065048446521244,1,2,0,51,0
2986,8.668368409659543,5,1,9,0,0,0.003847360974323158,1,1,0,59,0
2227,6.423218161061826,9,2,9,0,0,0.0029636972505268657,2,3,0,62,0
1094,17.048394349688877,0,0,14,0,0,0.01396438550631674,2,2,0,63,0
672,13.206959171597225,1,1,8,1,0,0.031146441793589733,1,1,0,88,0
101,1.442721000788581,42,10,1,1,0,0.5100564493674739,8,0,0,11,1
2228,1.9146171947370996,14,1,16,0,0,0.0025482700914194207,1,3,1,53,0
1486,13.11234733718607,13,2,11,0,0,0.009051998143273919,0,1,0,84,0
725,5.714567819116778,6,2,8,0,0,0.01986735879558154,0,2,0,59,0
1467,2.015724532090119,0,2,17,1,0,0.019865662118575777,2,2,0,51,0
416,6.397029160844535,5,0,11,0,0,0.005826913337811545,1,3,0,59,0
2437,11.322713852171937,1,0,5,0,0,0.00048506257859681935,0,3,0,66,0
1099,12.23261646660759,0,1,15,1,0,0.012583454213029695,0,1,0,92,0
1371,8.410956579226452,3,1,3,2,0,0.010335881070875083,2,2,0,55,0
2206,11.804106548785727,13,0,6,1,0,0.028364629043733047,1,0,0,96,0
746,14.95817885626939,11,1,19,0,1,0.0407688433047927,1,3,1,88,0
657,11.731979048035965,7,1,11,0,0,0.010169888952011114,0,2,0,64,0
2036,5.17034343828662,10,2,8,0,0,0.02126228699416784,2,3,0,88,0
757,9.554451362087892,3,0,15,0,0,0.005720156596667315,2,1,0,66,0
1211,10.173228683185776,0,1,16,0,0,0.009274538891895185,2,1,1,63,0
326,4.5186274190569415,9,2,14,1,0,0.009263282466840448,0,2,0,72,0
1754,13.53149845894386,10,2,4,0,0,0.007922918517895738,0,0,0,85,0
138,2.890510008748048,45,16,1,0,1,0.7419668298494566,3,0,1,17,1
917,13.63412474404239,3,2,6,0,0,0.04127697117599904,2,1,0,56,0
902,11.148145414072511,4,2,18,1,0,0.006405598656517928,2,1,0,74,0
2733,23.242211672798803,0,0,15,0,0,0.009822070126840794,0,3,0,83,0
2604,22.40395651147035,1,2,8,0,0,0.01014853736488389,1,1,1,50,0
2306,4.61850444004205,5,2,6,0,0,0.002948194970036285,0,0,0,62,0
1848,6.38624227675617,12,1,5,0,0,0.015770625776444554,0,0,1,90,0
1002,17.63243818868648,10,1,10,1,0,0.0007518212444635737,0,2,0,51,0
1863,19.20956596301097,0,1,17,1,0,0.07108826399822642,0,3,0,79,0
380,23.15697715486918,3,0,15,0,0,0.008747343862895818,1,3,0,75,0
2563,6.872108759590428,3,0,7,0,0,0.04077557058494984,2,2,0,94,0
2885,1.2537271280367133,1,2,13,0,0,0.026062277020335978,1,1,0,63,0
373,11.959117826900732,3,1,7,0,0,0.02515285069334236,2,1,0,81,0
1010,8.17367884009845,9,2,10,2,0,0.010238452786616972,2,0,0,95,0
2155,19.96430058600174,3,2,5,0,0,0.002863292692580724,2,3,0,64,0
833,21.869743788395482,13,1,19,0,0,0.0015109081990747767,0,2,0,52,0
1321,21.461996759404027,11,1,8,0,0,0.009611567314511318,0,2,0,51,0
1688,17.932609776397527,0,1,17,0,0,0.005010126166399285,0,0,0,89,0
694,16.04186412381543,9,1,11,0,0,0.038703724911676715,0,3,0,91,0
2008,23.88457149447714,2,1,3,0,0,0.018491896229497994,1,3,0,66,0
2652,3.7656862097685395,10,0,9,0,1,0.03970796259875171,2,3,0,76,0
1889,4.744746142567867,14,0,6,1,0,0.018728397797019795,1,1,0,99,0
1098,6.3535523833296415,6,0,15,2,0,0.030247008309196365,1,3,0,93,0
429,18.344476647271772,7,2,12,0,0,0.05665198460284114,0,0,0,50,0
262,16.2763220336246,3,0,6,0,0,0.03175159600096268,1,0,0,95,0
2445,3.430950037844304,7,0,19,1,0,0.006429144021204335,1,2,0,92,0
1334,10.227322022896601,2,0,19,1,1,0.02010248084695928,0,0,0,58,0
1196,1.7863186166006382,11,2,12,1,0,0.002208677449057373,0,0,1,89,0
2035,6.214729793589155,9,2,16,0,1,0.01807580169813056,1,3,0,86,0
1176,6.820343954418044,6,0,6,0,0,0.005227307037195496,1,0,0,68,0
1017,16.081644468918093,12,2,11,0,0,0.05973047093208473,2,0,0,88,0
1659,12.98838504716269,1,1,14,0,0,0.044943555188201804,2,0,1,81,0
2423,6.204419488927331,10,1,8,0,0,0.0034964479185808917,1,1,0,58,0
2452,14.421810248470827,0,0,7,0,0,0.007581017318157305,0,0,0,56,0
1311,15.825597019073903,4,0,6,0,0,0.0016954581539050733,0,0,0,98,0
1114,13.61278683250004,10,0,6,0,0,0.0013021582508634837,1,1,0,95,0
2007,17.167699142509566,8,1,16,0,0,0.028128205374636207,0,1,0,54,0
1309,14.521340535538899,6,2,5,0,0,0.017471993880098197,2,1,0,82,0
1499,4.199664524495013,0,1,6,0,0,0.0023711750817264486,1,3,0,99,0
246,23.373855426517974,6,0,3,0,0,0.003925969989185372,0,0,0,54,0
960,12.837723193793096,8,2,3,0,0,0.03570272305833767,2,3,0,55,0
146,4.804923307048634,37,4,1,1,1,0.6553920686893631,3,1,0,0,1
278,5.377471844838559,2,2,3,0,0,0.014958077249024409,1,0,0,71,0
1447,2.590054082292247,1,1,17,0,0,0.000534012856661673,0,2,0,66,0
96,0.40089225739149625,37,10,1,1,1,0.5295147404591274,9,1,0,8,1
2925,2.025682892578115,13,0,12,0,0,0.010187921624112336,2,2,0,80,0
32,2.332960793659458,40,18,1,1,1,0.5667366387044499,3,0,0,26,1
2414,16.510026517539785,0,0,6,0,0,0.0002217868878893524,0,1,0,77,0
2149,2.0316320645420793,3,2,5,0,0,0.005069406725201255,0,1,0,73,0
474,5.68230268356629,4,2,6,0,0,0.005443063141356865,1,3,0,92,0
950,4.717255659575043,11,2,16,1,0,0.028157628238587057,1,3,0,76,0
1471,22.38093518070575,11,2,15,1,0,0.011316803532823043,0,0,0,93,0
2050,1.5782650403772727,0,0,14,1,0,0.00663480681489309,0,0,0,89,0
2659,11.19528101120322,4,1,8,0,0,0.01807321755229917,1,1,0,66,0
2979,15.25308712458656,2,2,7,0,0,0.02913541207207914,0,0,0,68,0
626,7.35815888341811,1,2,13,0,0,0.011018576522441705,1,1,0,56,0
98,4.2674823614531565,44,15,1,1,1,0.8359359449137149,3,0,0,4,1
1445,15.453983090636974,4,2,8,0,0,0.07565638866184128,2,3,0,78,0
667,19.26176347646414,11,0,6,1,0,0.019437632218713728,0,2,0,79,0
1309,16.662421026479624,6,2,8,0,0,0.015694833502034683,0,0,1,82,0
2598,4.486438736007239,14,0,12,0,0,0.011313550450823582,1,1,0,72,0
1229,14.2767438076781,2,1,17,0,0,0.017718579579212905,0,2,0,80,0
1278,18.989939051098663,5,0,12,0,0,0.007184398540002508,0,3,0,52,0
2614,19.431439063848938,1,0,13,0,0,0.007995888343932937,1,0,0,81,0
984,6.615387679714608,6,2,5,0,0,0.03471411907346127,0,0,0,51,0
1010,15.473872538246932,5,0,2,0,0,0.009797309074643457,1,1,0,58,0
63,3.994668281861202,40,7,1,2,1,0.48699522520162314,7,1,0,2,1
2556,19.783690035366515,11,1,11,0,0,0.0340199110544241,2,0,0,80,0
352,16.994559911545224,0,0,12,0,0,0.015200605353642706,2,0,0,56,0
8,3.9053325627637716,34,9,1,0,1,0.5891952132280875,3,1,0,19,1
244,16.777257927608634,11,2,11,1,1,0.02772484599989991,2,2,0,72,0
1206,18.462720860399386,3,2,4,0,0,0.060556974364751555,1,1,0,97,0
1093,20.31577172934721,8,2,19,0,0,0.00994265480087487,0,2,0,55,0
108,4.208155533584791,8,6,1,3,0,0.569009100188901,9,0,0,12,1
2330,3.1483833554317986,5,2,4,2,0,0.01122199530954147,2,2,0,62,0
933,15.17949371858692,9,2,17,1,0,0.008736200120724631,1,2,0,59,0
825,22.630315631931968,5,0,11,0,0,0.011524988435863815,0,3,0,65,0
1844,15.897402934447195,12,0,19,1,0,0.034098282271134976,1,2,0,56,0
310,18.657649425535947,5,1,7,0,0,0.006981191805903767,0,2,1,93,0
1257,20.504365360736234,10,1,5,0,0,0.008296038793470234,1,0,0,76,0
1136,8.67209963786061,7,1,14,0,0,0.00030971070224714996,2,3,0,67,0
190,14.707743370220081,8,0,12,0,0,0.0017478141766687242,1,1,0,66,0
2186,19.248062329022996,2,2,13,0,0,0.06002858950482033,2,0,0,57,0
2349,22.598313207245305,5,2,5,1,0,0.005294802252277813,2,3,0,69,0
2004,12.373066019787139,13,2,4,0,0,0.007416629863426503,0,2,0,77,0
496,22.534144206504042,0,0,7,0,0,0.022944230594212738,0,0,0,57,0
103,1.8406540349194631,40,12,1,1,1,0.6395984997563123,3,0,1,14,1
1195,15.361785268849745,13,2,13,0,0,0.03568067648670973,1,1,0,62,0
2977,19.57010869781888,7,2,16,0,0,0.018431183220508005,1,2,0,83,0
1543,15.779247285785361,13,1,4,0,0,0.06555741701751043,0,1,0,68,0
1640,2.4832992387308535,13,1,3,0,0,0.029322930205330895,2,3,0,72,0
1870,2.1937217025081073,3,2,14,0,0,0.01953715951065926,1,1,0,62,0
1507,14.87404643490756,7,1,6,0,0,0.014226363369768917,0,1,0,72,0
879,13.247067428866801,0,2,17,0,0,0.008653140180268668,1,3,0,60,0
34,3.24066587725606,32,15,1,0,1,0.520134364244384,8,0,0,26,1
1130,13.478290476241783,2,1,18,0,0,0.015684837807581148,1,2,0,87,0
2072,8.289216978933734,10,2,17,0,0,0.02359298363023128,1,1,0,91,0
518,20.280103269551212,0,1,17,0,0,0.0035269249446234527,2,3,0,54,0
1428,3.6619649536102234,7,2,12,0,0,0.01849742773608614,1,1,0,81,0
938,4.818789208572495,5,1,13,2,0,0.019762864597660773,1,0,0,52,0
285,18.762923348802886,8,0,10,1,0,0.014226311966383427,0,1,0,76,0
2197,8.184029343366813,14,0,5,1,0,0.024255367868793537,2,2,0,59,0
2286,20.939469772093325,6,2,6,0,0,0.0024990702819381095,0,2,0,54,0
1703,19.90431262661838,9,0,8,0,0,0.02330234291626392,2,0,0,80,0
1116,10.089736305129314,0,2,11,1,0,0.001613050149366864,0,3,0,69,0
75,3.285872817208959,36,12,1,0,1,0.6988882942470094,5,1,0,18,1
1157,23.503137412413707,5,1,4,0,0,0.0007703049767787173,0,3,0,88,0
201,23.819066275835464,1,1,2,0,0,0.055328155330150626,2,1,0,57,0
1589,19.97961765055807,0,1,3,0,0,0.0011360134173487683,2,3,0,55,0
910,2.9024556150601306,9,2,17,0,0,0.007347848372683321,1,3,0,59,0
1965,11.947257813268086,4,1,8,0,0,0.015773899715280336,2,3,0,82,0
706,6.684025757212014,10,1,5,0,0,0.00030045079157424724,0,1,0,59,0
1160,8.41814349046755,1,1,15,0,0,0.0018547696133335509,1,3,0,67,0
692,19.645776343684123,13,0,17,0,0,0.0013691900263361396,2,2,0,71,0
695,13.641169005535263,10,1,4,0,0,0.0005229203133025606,0,0,0,57,0
2507,14.651387089832385,14,2,14,0,0,0.005683135786551556,1,3,0,92,0
2775,6.065181931678247,12,1,8,0,0,0.027275298693526868,2,2,0,55,0
1589,17.332531297699255,9,1,9,0,0,0.029581575091254236,1,0,0,63,0
2264,10.532803457404896,14,2,11,1,0,0.03150011633171352,0,3,0,73,0
2370,21.42489848028271,9,1,3,0,0,0.01882544039055208,2,2,0,68,0
148,3.756900230489286,18,19,1,0,1,0.9201660975651215,9,1,0,6,1
2207,14.342581282995765,9,1,17,0,0,0.007414451115824038,1,0,0,79,0
2068,10.491532499918122,14,0,19,1,0,0.01135060407984904,2,1,0,58,0
2250,20.35963732012755,13,2,8,0,0,0.03813515173213478,1,2,0,73,0
1816,11.902147855112585,11,1,17,1,1,0.03447976575643645,2,2,0,76,0
92,3.568670950419873,23,7,1,0,1,0.9062748066799005,6,1,0,9,1
937,3.4105854949441587,8,0,2,0,0,0.00500057261300663,2,1,0,64,0
1982,8.100071097583491,11,2,14,0,0,0.007853463762988733,2,2,0,73,0
129,0.9464977654586383,10,19,1,2,1,0.9379049410669189,4,0,0,12,1
2801,21.046747727629302,10,1,14,0,0,0.0016934703194518323,1,0,0,94,0
2784,14.719165924664697,4,2,15,0,0,0.0028895471725771888,0,0,0,74,0
1115,1.7115658288208655,7,0,17,0,0,0.03304322282319017,2,0,0,88,0
393,16.864913532706787,9,0,12,0,0,0.010668807583725952,1,3,0,88,0
93,3.1698662056038724,37,13,1,1,1,0.7258918742238589,6,0,0,15,1
1079,17.679267604629988,1,1,6,0,0,0.007965094937187228,1,2,0,81,0
1397,5.995809246897843,1,0,4,0,0,0.02496742667733171,0,1,0,56,0
2332,3.043325637013981,13,1,3,1,0,0.013303659343504998,2,0,0,65,0
2234,1.5634643101560042,12,0,14,0,0,0.019188353028805023,0,1,0,76,0
328,16.544498168679738,12,2,7,2,0,0.023701368890414264,2,3,0,84,0
1263,2.6305062454995634,9,2,10,1,0,0.019006799064753065,0,0,0,82,0
621,10.233249511003454,14,1,18,0,0,0.010569377578111296,1,3,0,81,0
2918,2.5928490445747787,5,2,19,0,0,0.005056920309430505,2,0,0,53,0
2336,19.74772284304846,6,2,19,0,0,0.012335837003918233,1,1,0,94,0
868,13.634417026273002,6,2,12,0,0,0.008660066771852477,1,1,0,57,0
1055,23.993417495586023,7,2,13,0,0,0.020408252874886276,1,2,0,92,0
1669,23.38951996945198,14,0,14,0,0,0.022429393285716644,0,3,0,56,0
908,1.292442469698551,4,1,10,0,0,0.026685938170826495,0,1,0,80,0
994,17.105795067223983,9,0,10,0,0,0.026286552094143177,1,1,0,82,0
42,0.708384914084273,31,19,1,2,1,0.7287405741922655,5,0,0,7,1
929,10.769745199776217,2,1,17,0,0,0.029934635175365935,0,0,0,55,0
2798,1.754621354957994,1,1,19,0,1,0.06429487815956114,1,0,0,61,0
1972,18.35628809676761,4,2,9,0,0,0.03081523585890574,0,2,0,57,0
539,8.429257562882919,8,2,6,0,0,0.06092000109872666,0,2,1,72,0
2911,20.886003226965844,0,0,13,0,0,0.09377398382434944,2,0,1,56,0
2164,22.772672946590966,6,0,10,0,0,0.049413682440350874,0,3,0,77,0
1881,23.58713935136714,13,2,19,0,0,0.00697595242889777,2,2,0,74,0
2910,5.803873626232019,9,0,15,0,0,0.014234843424895331,1,3,0,59,0
1456,1.7156587980992266,10,2,19,0,0,0.00022524979330779436,0,1,0,85,0
1750,19.296738549017274,8,1,15,1,0,0.015090875904137518,2,0,0,87,0
552,4.021036387332854,13,1,6,0,0,0.004583270826433008,1,1,0,83,0
98,1.8758121448851781,17,3,1,2,1,0.4027889013551684,9,1,1,0,1
259,14.489019120340261,12,2,6,0,0,0.006364135549340259,1,2,0,91,0
215,20.5833186636791,12,2,19,0,0,0.01413239867796552,0,2,0,95,0
1876,11.1754285390554,8,1,16,0,0,0.018858504233099146,0,2,0,85,0
847,6.180145152175264,9,2,18,0,0,0.027414890307191277,2,1,0,50,0
2553,19.09525770855205,6,0,13,0,0,0.0031863355548566305,2,2,0,97,0
286,5.3989896120354945,11,2,11,0,0,0.00838034909905127,2,0,0,71,0
2313,1.4140020457399447,5,2,10,0,0,0.003023087097633048,0,1,0,85,0
421,10.178056761153554,10,0,10,2,0,0.01624119716404878,2,1,0,83,0
1701,8.861485226320198,1,0,10,0,0,0.0019594931734867173,2,1,0,96,0
786,5.365751968359588,0,2,11,0,0,0.08842806751529202,2,0,0,53,0
2031,20.846251566985483,13,2,15,0,0,0.011022300758190235,0,2,0,66,0
2338,23.581369944994435,5,0,12,0,0,0.003723861022683401,0,3,0,61,0
2411,12.662175388905144,2,2,12,0,0,0.012416317320738939,1,2,0,81,0
1488,3.3216475994829944,11,0,16,0,0,0.058977928588002895,1,0,0,72,0
3,2.584314653431243,21,4,1,1,1,0.8160347385288556,4,0,0,24,1
1818,20.33040534436947,7,1,15,2,0,0.014848331325192143,2,3,0,62,0
2523,13.640424104609302,13,2,13,0,0,0.004774553490690515,2,2,0,55,0
1875,2.5716844114488966,9,2,15,0,0,0.014277720885576528,2,2,0,65,0
2435,14.702266748346004,8,0,8,0,0,0.003896988664601852,2,0,0,71,0
2192,17.631950299298747,7,1,15,2,0,0.04188668160625366,1,2,0,59,0
89,2.0639809771471738,31,12,1,1,1,0.7598977625237997,9,1,1,4,1
1859,22.397334351269944,6,0,12,0,0,0.03692423243260481,2,3,0,61,0
2629,14.715394933788472,9,1,15,0,0,0.02319096901942087,2,0,0,99,0
2368,23.48139871377846,7,0,10,1,0,0.0332219210704789,2,0,0,88,0
705,16.071495422908136,0,0,6,0,0,0.01590287103711929,0,2,0,82,0
2536,14.680473937589161,7,0,18,0,0,0.01811728218980971,2,2,0,93,0
1873,6.604104469468933,12,2,7,0,0,0.018193716893761615,2,2,1,91,0
580,20.71397987669449,10,2,6,0,0,0.012104752636630267,2,1,0,57,0
736,19.970120694389095,13,2,11,0,1,0.038608980018072,2,1,0,79,0
2511,2.451507760820454,2,2,4,0,0,0.03161338542027341,0,2,0,98,0
1902,15.026131526469975,12,1,14,0,0,0.009871150403509568,2,1,0,67,0
2788,12.796755571385544,2,0,15,0,0,0.07001203689141457,1,0,0,62,0
509,8.041158840230644,4,0,5,0,0,0.015275757754762347,1,3,0,86,0
1377,11.81733824434107,5,2,10,0,0,0.02986118425951622,0,0,0,84,0
2319,14.770421542302474,3,0,5,0,0,0.013629342817103459,2,3,0,90,0
370,20.01517566460368,7,2,9,0,0,0.03624463861567812,1,0,0,69,0
628,9.187387597281612,7,1,10,1,1,0.0033318816594326657,0,0,0,51,0
482,8.243150538098256,7,0,19,0,1,0.021833386426752092,2,0,0,52,0
2821,14.124941349261501,7,1,5,0,0,0.043560394093060215,1,0,0,94,0
2574,20.10583574196177,7,2,6,0,0,0.0023075802121701617,1,0,0,88,0
1574,19.551554873504372,13,1,11,0,0,0.04832668338640442,0,1,1,73,0
2996,19.0283815656565,8,1,5,0,0,0.004264903880762697,0,0,0,60,0
2123,19.818753381209692,4,0,16,0,0,0.013697233253358448,0,0,0,58,0
1147,1.1616716877132407,12,2,11,0,0,0.028032504309769155,2,3,0,55,0
2491,10.310363868959595,13,2,3,1,0,0.0017943539163146492,0,3,0,90,0
592,12.40910028963739,10,2,3,0,0,0.055460091937139425,0,2,0,73,0
1395,12.723657675289058,6,1,19,1,0,0.0017775777680316726,2,3,0,60,0
2504,14.74764200088488,5,0,16,1,0,0.001014236357542039,2,3,0,94,0
2677,3.943728796272487,8,0,18,0,0,0.03851967703132263,2,3,0,65,0
2079,10.499717016897032,3,1,3,0,0,0.0007593107411049731,2,0,0,85,0
2743,13.22027997306536,3,0,2,0,0,0.07966727010112905,1,1,0,60,0
988,19.822500029070756,8,1,3,0,1,0.05241861590587928,2,0,0,94,0
2235,19.54250526308719,6,2,13,0,0,0.016141145728060795,2,3,0,50,0
13,4.6604495666431225,6,11,1,0,0,0.49185089130484494,5,1,0,21,1
226,6.7173459274436675,1,2,3,0,0,0.017600156278627117,0,2,0,80,0
825,16.972360491006302,7,2,19,0,0,0.013133811293879595,0,0,0,86,0
1545,8.87482362877157,12,1,10,0,0,0.017892684019189732,0,3,0,93,0
1538,9.203432405260589,6,2,11,0,0,0.04934361464997105,1,0,0,57,0
88,1.4000879433168694,40,4,1,1,1,0.7946343432166797,8,1,1,3,1
973,9.714936395352732,12,0,13,1,0,0.036444928666914386,0,2,0,89,0
1291,15.556845605603986,6,0,12,2,0,0.03044190219883957,0,1,0,66,0
2149,15.536356178469624,12,0,8,0,0,0.016194452502199252,2,1,0,70,0
656,19.626784309293484,12,0,12,2,0,0.004884449268797359,2,0,0,78,0
889,19.22799201514714,11,2,18,0,0,0.00819427235471175,0,1,0,75,0
2338,18.013797637967436,8,0,9,0,0,0.03823982792706129,1,0,0,63,0
269,15.081937467522426,13,1,2,0,0,0.017413885478061834,2,3,0,79,0
1471,11.999871775246246,5,2,10,0,0,0.04157816557390019,2,2,0,98,0
1777,13.550798435395889,1,2,7,0,0,0.0037939253098589923,0,3,0,86,0
1853,20.41026609006965,0,1,12,1,0,0.002111907510272077,0,3,0,66,0
1954,21.67348992814569,12,0,2,0,0,0.008806676370607947,1,1,0,79,0
1492,20.913863800114168,14,0,19,0,0,0.0027260367263134628,1,2,0,55,0
1113,23.795907931889985,7,2,9,0,0,0.06106885840834515,0,1,0,89,0
189,21.289119128487382,7,1,7,1,0,0.00045108296514164196,2,1,0,91,0
2762,7.670671453924836,11,1,3,0,0,0.027655258402156276,1,1,0,51,0
930,18.23954614278443,3,2,3,0,0,0.03206631672433667,1,2,0,97,0
51,3.243288606947382,23,18,1,1,1,0.4247600706413339,9,1,0,12,1
1395,10.09684890652735,11,2,6,0,0,0.02934882045921734,1,0,0,60,0
577,4.663611240584518,5,0,11,0,0,0.01052365174292417,1,3,0,75,0
1521,6.563444321745357,12,1,16,0,0,0.05655815515626378,1,0,0,99,0
789,20.01443717841342,0,2,8,2,0,0.033645756371081983,0,1,0,65,0
55,4.974764054602784,6,18,1,0,1,0.6799874804508252,6,1,0,13,1
1644,4.92338396581307,13,0,11,0,0,0.021141359260260412,0,0,0,87,0
555,4.799690604770554,14,1,10,0,0,0.03563301947343375,0,1,0,78,0
144,4.287901964226479,31,14,1,1,1,0.5608197795711355,7,1,1,21,1
743,16.412208796051658,13,1,15,0,0,0.05453184266641389,2,3,0,96,0
1028,1.8735759556666298,6,0,3,0,0,0.009481692439463577,2,1,0,69,0
1494,1.0483883930453186,8,2,4,0,0,0.007338833630917675,2,2,0,85,0
147,0.17989891875387362,44,18,1,2,1,0.7523903032808206,3,1,1,1,1
2160,22.906743683820476,5,0,10,0,0,0.012097351537316175,0,0,0,51,0
933,23.585291380261342,7,1,6,0,0,0.04851696180104689,0,3,0,64,0
1437,2.63944621126877,10,0,4,0,0,0.001541057591782063,0,2,0,87,0
649,1.4606061862939628,12,2,12,1,0,0.017713376701746594,2,0,0,93,0
1810,22.16683516804638,10,2,8,0,0,0.014832988523595401,1,2,0,78,0
1756,14.693272208947894,3,0,18,0,0,0.02504376958907744,0,2,0,71,0
345,14.390214292129565,10,1,2,1,1,0.021835240757169805,0,2,0,53,0
71,3.941407856598988,32,10,1,0,1,0.8028704914932627,6,1,0,11,1
35,3.5907320795696416,17,5,1,2,1,0.5660840782696923,3,0,0,10,1
2419,6.943927266711817,14,0,13,2,0,0.04218937088473819,2,0,0,52,0
19,0.7228845300995377,49,15,1,2,1,0.6729500152200769,4,0,0,7,1
891,13.214962932360585,11,0,8,0,0,0.009983172527295917,1,0,0,98,0
2485,10.758828375352426,14,0,17,0,0,0.0216749697296937,1,1,0,68,0
1231,14.502419277126473,11,2,19,2,0,0.019078343894526645,0,0,0,92,0
772,18.47106286009532,7,2,4,0,0,0.009407790313707908,2,0,0,88,0
2988,3.065679548503802,8,2,12,0,0,0.039088776018958174,1,0,0,52,0
2613,1.6760722523996678,11,1,7,0,0,0.02372735569526036,1,1,0,58,0
2069,20.454539660579258,10,2,12,0,0,0.021244044368129354,0,2,0,96,0
525,13.872834231272618,9,0,3,0,0,0.014119448411364807,0,3,0,98,0
72,2.882663686696486,44,13,1,2,1,0.8416875830009505,7,1,1,16,1
2682,21.17418415476229,10,0,19,0,0,0.022524609292326078,2,1,0,84,0
1492,21.444410752083485,11,0,16,0,0,0.015044608599377923,0,2,0,88,0
1325,22.220330336019163,3,1,14,0,0,0.020114901745428293,2,3,0,85,0
208,5.90804700344086,10,1,8,1,0,0.006377368222814364,0,0,0,81,0
2331,18.042568756315305,5,0,13,0,0,0.003619296575967721,0,3,0,65,0
2719,8.28064230116101,12,0,10,0,0,0.09033305224610672,1,1,0,92,0
1535,3.086599151403414,1,1,16,0,0,0.027870323073543868,2,1,0,88,0
440,2.1384276303543324,4,2,10,0,0,0.03559551973083807,2,1,0,52,0
53,2.8121006594521267,34,7,1,1,1,0.8465197149163699,4,1,0,6,1
517,11.26610407754577,8,2,8,0,0,0.011995908228350774,1,2,0,53,0
2149,1.6753756593550233,7,0,4,0,0,0.018951159172459205,0,2,0,56,0
1086,16.298362467483322,13,0,17,0,0,0.005607708420082451,1,2,0,50,0
2691,6.879834949613263,9,2,6,0,0,0.025849678703539915,0,3,0,69,0
1262,11.713694561465715,1,0,4,1,0,0.0001809292074862293,2,0,0,50,0
638,11.08285454070751,9,1,19,1,0,0.06922774924113786,0,1,0,99,0
1392,3.349439182123376,9,1,16,0,0,0.031200397706308114,1,1,0,75,0
107,4.3825971851356815,20,17,1,0,0,0.7148375562577145,5,0,0,26,1
1301,4.5035390702416125,7,2,14,0,0,0.028348074905934925,1,0,0,95,0
2135,16.44276739920413,4,2,11,0,0,0.042867585872315754,0,3,0,93,0
1708,11.05480394278701,11,0,7,0,0,0.026874252752711915,2,1,0,58,0
1432,19.361916329159552,5,2,4,0,0,0.03623032051733849,0,3,0,65,0
696,14.323126137872118,2,1,3,1,0,0.0008590852420065218,0,0,0,86,0
195,6.50065188899159,5,1,17,0,0,0.055762025441731734,0,3,0,89,0
1811,22.673253962483436,5,2,19,0,0,0.011350748756416397,0,2,0,88,0
2953,17.87019516931839,4,1,11,0,0,0.001616565155399371,1,1,0,71,0
61,1.8031415313517511,10,17,1,1,1,0.43625840629158263,5,0,0,13,1
1056,20.040972632409975,14,2,7,0,0,0.009172009044380912,2,1,0,66,0
52,1.0073621003407898,18,14,1,2,1,0.5893681756127325,7,0,0,0,1
1879,2.29113037857283,0,2,9,0,0,0.026494545781626654,0,2,0,74,0
1504,2.702971011984004,14,2,6,0,0,0.018604206980643318,2,0,0,60,0
1751,1.1400412095162986,7,0,19,0,0,0.006326509057263154,1,3,0,83,0
2897,22.13089834394668,12,0,16,0,0,0.0010242340735522942,0,3,0,71,0
2212,15.784835040404008,9,1,7,0,0,0.01349081471365402,1,2,0,84,0
1504,17.540677629725085,1,1,10,2,0,0.06438384612522242,1,2,0,70,0
1113,17.431447563411762,4,1,11,0,0,0.008584757138593083,0,0,0,64,0
366,7.404106389759995,2,2,9,0,0,0.020105199118835872,2,1,0,77,0
56,0.4760236173517556,35,14,1,3,1,0.9493224399582697,5,1,1,15,1
1208,9.71762390303924,9,1,6,0,1,0.0450588853509175,1,0,0,92,0
910,12.082952023316182,4,2,8,0,0,0.03982028293585413,0,1,0,65,0
2161,18.464919542225918,5,1,11,0,0,0.02120339251630494,2,0,0,58,0
869,14.589951149233954,10,1,15,0,0,0.006025236777450829,1,1,0,95,0
1012,15.822816373783775,11,1,15,0,1,0.017369933929723483,1,2,0,97,0
2577,18.012439916715564,2,2,14,0,0,0.05885684786188299,1,0,0,76,0
557,14.926609632165158,1,0,17,1,0,0.0005734367558462203,0,3,0,56,0
2455,15.29092343683118,13,0,17,0,0,0.009659854099312836,0,3,0,71,0
1426,17.964012229135015,5,0,11,1,0,0.005170253476032147,2,0,0,92,0
2909,13.615493597983965,7,1,16,0,0,0.041476595975632496,0,3,0,56,0
34,0.6283360018745404,19,17,1,1,0,0.7997170590237399,6,0,0,6,1
1074,5.69256731198731,11,1,19,0,0,0.001088551518110754,0,2,0,77,0
1829,22.35130325551727,3,2,8,0,0,0.02695296808503886,0,1,0,88,0
2893,14.639333508293745,14,2,16,0,0,0.009724001336456845,1,2,0,80,0
2753,15.653089252860815,11,2,2,0,0,0.010308511036216035,0,3,0,88,0
2961,9.184659462961863,3,1,17,0,0,0.0027715219291358814,1,0,0,84,0
558,4.73478357723338,12,0,5,0,0,0.052767332376098326,2,1,0,71,0
2221,4.150978450234442,8,1,18,0,0,0.052224945032073915,0,0,0,68,0
1143,21.646517471593004,3,1,5,0,0,0.011238265036080964,2,0,0,68,0
1568,4.838357710662031,6,0,14,0,0,0.002863122364236674,2,3,0,71,0
2610,19.796803161436888,8,2,15,0,0,0.00476832674443157,1,1,0,62,0
521,16.65738553809117,0,2,9,0,1,0.0006792697932385431,2,1,0,83,0
2736,6.397502880015675,12,2,8,0,0,0.0269258153926936,2,2,0,58,0
2805,9.749653197354347,6,1,13,0,0,0.052923029545545064,0,0,0,53,0
1399,12.077601470301833,10,0,11,0,0,0.014893121464468743,2,3,0,74,0
19,4.949643349518103,44,3,1,1,1,0.7039415872343255,8,1,0,13,1
1875,22.108307250941678,0,0,4,0,0,0.004578042358855595,2,3,0,96,0
27,3.9592456176620576,18,19,1,2,1,0.9996117579220197,5,1,1,17,1
1385,5.768107073313833,9,1,2,0,0,0.0009115957230110023,0,1,0,97,0
108,4.950681262168698,48,13,1,0,1,0.8803057874774127,8,0,1,18,1
510,20.463641716438133,0,1,5,0,0,0.0028361456780825905,1,3,0,95,0
2372,4.194040507119891,4,1,16,0,0,0.03530980438134679,0,0,0,93,0
126,2.839153373724525,49,10,1,1,0,0.7455464550211822,5,0,1,22,1
2982,8.814683024475713,3,1,6,0,1,0.02825093345308455,2,0,0,65,0
632,11.364252104784432,0,1,10,0,1,0.013670733881487904,2,3,0,54,0
803,17.663887582168215,8,0,3,0,0,0.00022434532523915097,2,1,0,58,0
240,18.342529803352793,11,1,13,0,0,0.09655879868063676,1,1,0,88,0
2889,21.17650751473061,4,2,10,0,0,0.011202220856810144,2,0,0,92,0
2223,11.365788923595002,9,1,19,0,0,0.0069298428010661,0,0,0,76,0
2261,13.251545395515764,2,1,8,0,0,0.06056658146672162,2,0,0,78,0
1425,9.755862666699912,3,0,16,2,0,0.060857058175720215,1,0,0,98,0
117,3.926484735557178,21,11,1,0,1,0.5423106769283584,5,0,1,14,1
1003,5.099806738806756,14,0,19,0,0,0.011970929644140805,1,3,0,73,0
1996,14.179952865409534,3,1,6,0,0,0.020677046493723216,2,3,1,54,0
251,11.352680108920653,9,2,3,1,0,0.02798462880747621,0,3,1,75,0
1862,15.841666263091488,5,1,6,0,0,0.012166410279907692,0,1,0,70,0
2180,12.097509665413295,3,1,9,0,0,0.02154087618727381,0,0,0,99,0
2300,17.5520377820422,0,1,13,0,0,0.04082064751547059,2,0,0,60,0
611,5.1470825147238966,10,0,19,0,0,0.010807013639089234,2,3,0,86,0
1999,13.959095329014552,0,2,3,1,0,0.014319955410410605,1,0,0,66,0
1528,10.479011396043747,13,2,2,0,0,0.0044155319512408225,0,3,0,86,0
1430,20.612744457141357,5,0,19,1,0,0.0021979928477768905,2,1,0,83,0
7,4.952882470721273,9,10,1,1,1,0.632418902181748,5,1,1,9,1
22,0.533433129359129,47,9,1,2,1,0.9158223329228463,5,0,0,15,1
1030,19.670300987911325,10,2,17,0,0,0.05156092433923396,1,3,0,96,0
1053,2.150427266885581,9,2,10,0,0,0.0018990827299195717,1,3,0,79,0
373,22.80649136394317,7,0,4,0,0,0.01893908777235302,0,3,0,89,0
1816,23.07600991574637,12,2,17,0,0,0.0016860493873931172,0,2,0,52,0
129,4.61725357936874,20,18,1,1,0,0.7237090681446192,8,0,0,0,1
2341,15.724561165871348,4,0,15,0,0,0.019023450890122834,0,1,0,81,0
1239,15.928717152271041,3,2,7,1,0,0.027876552852863917,0,3,0,91,0
2193,3.371791335385743,1,2,17,0,0,0.008997526922656006,0,3,0,60,0
146,2.2774866305264747,25,3,1,0,1,0.5144689420549382,8,1,1,19,1
1306,13.08660630527872,11,1,11,0,0,0.02800818223235521,1,0,0,55,0
2486,11.29176725041653,1,0,19,0,0,0.015110987497017893,2,2,0,68,0
110,3.4845421817219475,10,13,1,1,1,0.9805973654850905,4,1,0,15,1
1551,11.857389986530961,3,0,2,0,0,0.0003664968934842324,2,2,0,76,0
2915,8.638285404042138,12,0,12,0,0,0.030137230669599734,2,1,0,71,0
2250,1.818129941817612,14,2,17,0,0,0.017211323924093552,1,3,0,52,0
1979,17.31580824300999,6,1,9,0,0,0.005502823097488808,1,1,0,54,0
1316,5.474841433261922,14,0,13,0,0,0.03508338150385873,0,2,0,63,0
1563,22.82957929105713,13,0,18,0,0,0.0046263666023423165,1,3,0,77,0
2936,6.571318009965039,11,2,13,1,0,0.021196810375009558,1,0,0,97,0
1261,19.97800535632065,5,2,7,0,0,0.0009324036808770896,1,2,0,57,0
2976,20.984714387433133,6,2,10,0,0,0.027591841523683873,1,3,0,77,0
2302,11.389026842328702,14,2,17,0,0,0.011320674419774409,1,2,0,80,0
1771,21.78642415082827,11,2,4,2,0,0.007623606362656848,0,0,0,69,0
1340,9.967064117655514,0,0,4,1,0,0.04527274321103177,1,0,0,88,0
2447,23.464680489239313,14,1,18,0,0,0.04274958187827868,1,1,0,89,0
695,8.175632467507626,14,1,18,0,0,0.027152650386625593,1,0,0,52,0
2822,6.024193206316063,0,0,17,0,0,0.003903546873381289,0,2,0,94,0
2380,2.203794143089691,10,2,14,1,0,0.012013050520704614,0,3,0,92,0
1595,19.901548209724996,8,1,17,0,0,0.008282679889102525,1,3,0,71,0
108,3.0868480273335686,44,6,1,3,1,0.594356848939462,7,0,0,4,1
1775,16.043743293555956,11,1,10,0,0,0.06981797181771393,0,3,0,64,0
1665,22.64013319577549,12,2,5,0,0,0.04520032873269028,0,1,0,55,0
1089,3.4012949842058733,4,0,9,0,0,0.005304644978148889,2,3,0,95,0
1841,19.394965194752498,2,1,14,0,0,0.0056284366711989876,0,3,0,85,0
1064,1.3263711361026451,8,1,9,1,0,0.00042497952237077394,1,2,0,97,0
235,16.678398095237263,12,2,5,2,0,0.011342668229666049,1,1,0,50,0
2378,2.3444561244967397,2,2,18,1,0,0.006771440784855774,1,3,0,75,0
884,11.54775270081832,10,1,10,0,0,0.024195193034574285,0,1,0,62,0
2166,13.465771722464616,12,2,19,0,0,0.002142230828077339,1,3,0,51,0
145,0.6175235217825064,49,12,1,0,1,0.7566861046350638,7,0,0,5,1
1569,13.776394754434785,0,0,8,0,0,0.0008006872631771463,1,2,0,64,0
1,3.123674997030509,42,3,1,2,1,0.8904174420236706,5,1,1,9,1
2442,12.302618083156805,0,1,3,0,0,0.04997261760380984,0,2,0,94,0
1474,15.375671279959732,1,0,10,0,0,0.0062766039727000355,1,2,1,62,0
1100,6.295771176341837,7,2,2,0,0,0.0011449281988376626,2,3,0,79,0
2162,2.7164857297528795,11,2,7,1,0,0.0011023993009426504,1,3,0,64,0
1619,18.00638928612017,14,1,13,1,0,0.013281605115239627,1,2,1,67,0
1711,15.96767659385119,10,2,18,2,0,0.058782331218648516,2,3,0,84,0
1436,23.98951013053917,11,0,12,1,0,0.027688051737706484,1,3,0,55,0
2110,15.871936008725783,0,1,2,0,0,0.011576673296186451,1,2,0,92,0
1862,6.18745058829185,1,1,11,0,0,0.03114957761632776,1,0,0,60,0
1474,6.072905873213435,7,0,19,0,0,0.011031430877185052,0,1,1,76,0
2634,9.608825644215232,9,2,6,1,0,0.04642278655123682,0,2,0,51,0
242,23.24919208913033,0,0,11,0,0,0.028693333668164032,0,1,0,66,0
76,0.9949309809388124,44,13,1,0,1,0.8909605408957543,6,1,0,15,1
2097,11.878340960196734,12,0,9,0,0,0.05195102617365408,1,2,0,83,0
1048,13.288682693554543,1,0,17,0,0,0.03430256584385033,0,0,0,57,0
218,9.906457237096205,6,0,3,0,0,0.006075566883921935,1,2,0,80,0
86,3.341236167395807,32,8,1,1,1,0.9889326626338225,3,0,0,16,1
1811,7.353458474428521,6,1,10,0,0,0.05522077743329988,0,2,0,94,0
1477,8.248381900048726,12,0,3,0,1,0.03492906992849756,2,0,0,95,0
1526,10.892366160185402,8,1,16,1,0,0.05580327994761926,0,2,0,80,0
872,1.9727102321216674,14,1,9,0,0,0.03323630425164528,0,0,0,98,0
8,4.6648767262235395,32,16,1,1,1,0.6021572035882475,3,1,1,9,1
2474,2.757587767075183,14,1,16,1,0,0.012841798809105569,0,1,0,64,0
633,18.290759979899146,9,1,8,0,0,0.017796470054858397,2,2,0,81,0
2383,14.77977345592748,1,1,19,0,0,0.036215566734798706,2,2,0,71,0
281,18.02371148151365,9,2,18,0,0,0.006512442551957652,0,1,0,96,0
1481,13.955645411937738,14,1,15,0,0,0.039999172018207595,0,1,0,73,0
149,2.3329954892684595,15,8,1,1,0,0.4165696343573621,7,0,0,10,1
1633,11.012457093470433,3,1,8,2,0,0.0039010704229656868,0,3,1,61,0
296,19.061182664868348,7,1,2,0,0,0.009458384907266346,1,1,0,88,0
2949,23.774804552515292,9,0,3,0,0,0.033120447984406234,2,2,0,91,0
719,1.8346153201105495,10,2,19,0,0,0.011882058428752312,1,0,0,66,0
99,3.7227473598904046,5,16,1,0,1,0.8218381225825093,8,1,0,28,1
2721,3.758934939549468,0,1,17,0,0,0.013602419001128305,2,1,0,77,0
1079,13.578147215149025,11,2,12,0,0,0.008120750892647646,1,2,0,64,0
1267,22.038815643999584,3,1,11,0,0,0.01903997475560653,1,0,0,90,0
995,9.760919086752706,13,0,7,0,0,0.049773173360709744,2,3,0,92,0
2883,15.516924857004247,7,1,17,0,0,0.01136989230804287,1,1,0,71,0
2551,15.280897575007286,10,1,14,1,0,0.002593477575450571,1,2,0,53,0
1956,20.66976065542251,14,1,4,2,0,0.051702284581909654,0,2,0,68,0
2180,13.478553478094726,9,2,7,0,0,0.05640245459418433,2,3,0,60,0
1646,16.538342114855975,8,0,17,0,0,0.03364751618335133,0,2,0,93,0
2220,20.930603580228997,13,2,7,1,0,0.0008745088641715136,2,3,0,63,0
2218,13.22678768590191,6,1,17,0,0,0.05330656628590443,1,2,0,84,0
313,18.01968689376907,3,0,13,0,0,0.0008167134450909886,2,3,1,52,0
2032,4.8017645523140144,7,2,16,1,0,0.035004960312955934,2,3,0,87,0
2850,15.589814013357698,0,1,12,1,1,0.0023386567161266807,1,2,0,97,0
1629,15.972018707715671,1,0,14,0,0,0.0027897121881910276,2,2,0,93,0
1984,20.48547209777238,13,1,6,0,0,0.019585938003119883,2,2,0,74,0
915,19.892935807779647,3,0,9,0,0,0.010513495295806476,0,3,0,53,0
147,3.234048567714269,25,7,1,1,1,0.41858857196671717,6,0,0,7,1
1484,7.973463367604059,7,2,13,0,0,0.007462058519382237,1,2,0,51,0
1470,21.731811222764502,13,2,12,0,0,0.03756694036495217,2,2,0,60,0
316,11.016675385860387,11,0,8,0,0,0.017768111944781218,0,3,0,56,0
497,10.832542120546568,4,1,10,0,0,0.07600277918225935,1,3,0,87,0
2435,19.777448054195705,9,0,8,0,0,0.022189239898514398,0,2,1,66,0
889,21.8395153707864,3,2,8,0,0,0.007408326208095707,1,1,0,61,0
120,0.46672982520988493,13,4,1,2,1,0.7994185288443523,9,1,0,27,1
130,1.9075999232509087,26,3,1,1,1,0.6760619795057574,7,0,0,28,1
1742,20.395396091537254,14,0,5,1,0,0.011121790149992159,0,2,0,66,0
103,2.592827418207696,29,8,1,3,0,0.8554332458263585,3,0,0,9,1
272,16.797802946525668,2,2,7,0,0,0.006378816878610638,0,0,0,83,0
1729,11.009149182873205,10,0,6,1,0,0.020523227988452776,2,3,0,56,0
1172,14.76992525333924,12,2,9,0,0,0.025900287167562062,1,0,0,66,0
12,2.84990770018446,19,4,1,0,1,0.9159632480400911,6,0,0,13,1
1347,16.123887193894532,10,2,7,0,0,0.0008582704259911393,0,2,0,62,0
888,6.446039114161864,14,0,10,0,0,0.012670499926027062,0,0,0,71,0
2397,9.863645310089321,10,0,4,0,0,0.051623863843545024,1,2,0,91,0
716,20.016744397317638,13,1,3,0,0,0.03041849224329147,1,1,0,64,0
2269,10.256272660974386,0,1,7,0,0,0.004685025800522974,2,0,0,81,0
2815,22.28701078059326,2,0,14,0,1,0.019040617746611418,1,3,0,65,0
234,21.057111784281176,10,0,12,1,0,0.0003335077851624713,2,1,0,91,0
1867,5.153675758031921,13,1,11,0,0,0.022688508619549904,0,2,0,80,0
2854,22.772821981851564,10,2,7,1,0,0.01689736759289618,2,2,0,62,0
2404,18.098747079762013,8,1,16,0,0,0.059384205323738296,0,1,0,93,0
507,23.876918755879952,9,0,7,0,0,0.007099329914307807,0,0,0,73,0
2143,22.504871932291604,2,1,16,0,0,0.0038516774223674513,1,1,0,79,0
2994,9.986752409113105,9,0,9,0,0,0.0008993540558961374,2,2,0,86,0
99,2.3940710381129815,12,5,1,2,1,0.780711372643748,7,0,0,27,1
2230,18.505031038549138,9,1,11,1,0,0.007014236964625735,2,2,0,62,0
2607,1.2398370861402706,7,2,5,1,0,0.16052356471562043,2,0,0,67,0
2450,15.19672747952069,9,1,17,0,0,0.004359121637946846,2,0,0,67,0
1675,12.999791072632902,8,2,19,0,0,0.0025080925722612076,0,2,0,72,0
2150,13.18980502730763,1,0,12,1,0,0.010307799487242125,2,0,0,70,0
813,13.390000348889899,10,2,5,0,0,0.03557219218339679,1,2,0,61,0
254,17.599595712495123,4,0,17,0,0,0.002193480337261709,2,3,0,52,0
415,18.266778660984983,0,1,17,0,0,0.005183987312378365,0,3,0,91,0
2156,10.493505973118598,11,2,8,1,1,0.03627081904426338,1,0,0,65,0
457,1.4754414845138026,3,0,2,1,0,0.020814736725683874,1,2,0,98,0
2223,12.886168599947638,4,2,16,0,0,0.0022360445331876012,2,3,0,72,0
1029,13.695776948776585,11,1,12,0,0,0.02559212210437173,1,1,0,80,0
2542,2.707540078732888,8,2,17,0,0,0.0023428455191112254,1,0,0,64,0
1436,8.131944381883367,5,0,17,0,0,0.037210054732068266,0,0,0,62,0
1300,2.78513682882314,7,1,2,1,0,0.0083380981519045,2,0,0,92,0
2957,5.260254270590423,9,1,12,0,0,0.004842006247704993,2,3,0,83,0
2532,6.350847386941663,10,2,6,0,0,0.0028873656108165196,2,3,0,86,0
846,3.9860083258895043,1,2,3,0,0,0.006421657881776486,1,1,0,65,0
2252,3.931441066725986,5,2,4,0,0,0.01668582923003493,2,1,0,80,0
2671,17.659301802563206,1,0,10,0,0,0.0022890554454751844,2,3,0,85,0
1199,11.29486762736499,13,1,13,0,0,0.01881646257641424,1,2,0,84,0
73,2.108900656844178,7,12,1,0,0,0.9789159512611421,6,1,0,28,1
1567,5.936445684952465,9,0,8,0,0,0.05971382972362957,1,3,0,93,0
1826,10.185481213077892,0,2,19,0,0,0.03092520732246547,1,0,0,57,0
2515,8.659802051524164,10,0,12,0,0,0.01647013429213926,1,2,0,56,0
1735,9.669025788936555,3,2,8,0,0,0.015199872969561923,0,0,0,95,0
130,2.9482853866091925,48,17,1,2,0,0.6931516315334914,3,0,0,18,1
1008,17.916628949213365,0,0,7,0,0,0.006399767436778793,1,2,0,83,0
1893,18.084974422845274,5,0,19,1,0,0.0017188496674566875,0,2,0,86,0
2122,20.166292643879288,6,0,4,1,0,0.009084044818173261,1,2,0,72,0
1727,5.612885774678607,3,0,5,0,0,0.01568525564298788,1,2,0,82,0
1649,3.5745263214951972,7,0,14,0,0,0.01871067268699093,2,2,0,93,0
2124,13.611373425707757,6,1,11,1,0,0.03966871968040237,0,3,0,84,0
2820,3.8920547715529232,14,0,19,0,0,0.005254226080198499,0,1,0,55,0
2761,22.11878399132383,6,1,4,0,0,0.006143900989064569,2,2,0,98,0
2174,9.869110795909904,7,0,11,2,0,0.013511685078069909,1,1,0,79,0
1168,18.33808311309203,13,0,11,0,0,0.017288232947284425,1,3,0,70,0
1171,23.167912336094073,9,2,7,2,0,0.019466055584773802,0,3,0,71,0
955,14.76622624074041,2,1,6,0,0,0.017203385166327734,1,2,0,99,0
994,14.345094932055675,2,0,15,0,0,0.04734337614046789,0,0,0,97,0
2551,15.852031732199082,5,2,13,0,0,0.0003608046987569653,2,3,0,63,0
1026,11.240660582550127,7,2,12,0,0,0.031010621853130124,2,2,0,95,0
1653,8.202725880797495,0,1,8,0,0,0.004144742511947207,0,2,0,64,0
1939,3.834121045959819,0,0,10,0,0,0.0029975784003306687,2,2,0,83,0
1043,7.639768697204676,2,2,8,0,0,0.012846030641642818,1,1,0,54,0
2455,1.6306671293711261,6,2,19,0,0,0.009420842902110099,1,2,0,97,0
2394,14.637123196130982,14,1,10,0,0,0.011303271805937536,0,0,0,61,0
2177,4.952515070523174,7,0,19,0,0,0.016312733183729645,0,3,0,63,0
2630,19.61918944267416,9,0,3,0,0,0.03315924924726298,0,1,0,84,0
1154,10.558889605868716,6,0,5,0,0,0.012617345925738783,0,3,0,86,0
728,7.516009535773405,13,2,8,0,0,0.010588027304201771,2,2,0,74,0
2698,12.145836501433887,9,1,8,0,0,0.006894271616089509,2,1,0,67,0
577,15.604081048593763,7,1,16,1,0,0.021072937493656428,0,2,0,94,0
1990,5.573694388831806,8,1,14,0,0,0.01833594455706084,1,1,0,54,0
763,8.480839836264694,6,1,16,1,0,0.005257861046595309,2,2,0,92,0
2797,6.264575911472113,7,0,9,0,0,0.024669994628313076,2,3,0,99,0
396,17.638309609082583,8,0,10,0,0,0.05533848529312484,0,3,0,91,0
1891,22.995362147913134,5,1,12,0,0,0.0038528759829072555,1,1,0,77,0
465,11.487523342478548,12,1,2,0,0,0.013293768100711456,2,3,0,70,0
783,4.3824225630315325,11,2,9,0,0,0.025756944231999465,1,1,0,86,0
1560,1.0101839730557813,9,2,13,1,0,0.06872331645377025,1,1,0,60,0
1576,17.238437176272566,11,0,16,0,0,0.0006173799485680714,2,0,0,97,0
1169,7.956292000655738,3,2,9,0,0,0.0007641740111053079,1,0,0,96,0
429,2.756853734803488,13,2,11,0,0,0.029539100688369273,0,3,0,60,0
1751,6.084457543435755,2,0,13,0,0,0.004811870647212224,1,1,0,63,0
117,4.968069256360622,37,18,1,0,1,0.8764354789436412,7,0,0,29,1
2629,9.262767202073649,5,1,13,0,0,0.0006253371087801106,0,1,0,93,0
69,2.7514042906253406,49,17,1,1,1,0.9694672322366434,5,1,0,26,1
2571,12.821904959600674,6,0,17,0,0,0.008783644316999625,2,2,0,91,0
2081,18.53971707796603,14,2,11,0,0,0.002110973472442515,0,2,0,84,0
2296,9.875113566587666,9,0,11,0,0,0.02342166051331102,1,2,0,66,0
1246,3.880372119955024,11,2,5,1,0,0.024239840284269554,1,0,1,75,0
1346,18.34783151990885,4,0,10,0,0,0.0027579742818197367,2,3,0,71,0
2033,4.82562697809227,2,1,9,1,0,0.03721271835100295,0,1,0,94,0
428,5.504338689499134,10,2,18,1,0,0.006213854373362071,1,2,0,92,0
473,12.849028917675827,12,0,13,0,0,0.06173325985845132,2,1,0,82,0
1899,23.93279761287822,5,2,14,0,0,0.0005038103117694019,0,0,0,87,0
2445,6.255195175359727,7,1,19,0,0,0.002591041715288055,1,3,0,63,0
290,13.86125055707451,2,0,18,0,0,0.041054721965441784,2,1,0,58,0
1319,4.249395133336634,11,2,4,0,0,0.0013826521377505846,1,1,0,54,0
387,6.270954877925728,1,0,7,0,0,0.04570063971528853,1,3,0,66,0
2684,3.243937735503894,4,2,12,0,0,0.022252409724212507,1,2,0,74,0
607,9.591760424096684,9,2,11,0,0,0.08174656864302611,2,2,0,56,0
1398,7.919621492124866,3,1,8,0,0,0.0009809815307151727,1,1,0,78,0
1513,17.00334198607523,7,1,11,1,0,0.017992167832087565,0,3,0,52,0
682,4.549396001510826,6,1,2,0,0,0.00985719330289338,1,3,0,84,0
2254,8.828527165032542,0,2,8,0,0,0.007781994444937972,1,2,0,63,0
2075,15.432191151038426,9,1,12,2,0,0.011699151630512598,2,2,0,89,0
2289,19.50932180576298,1,1,18,1,0,0.10033142200428903,0,0,0,84,0
2701,23.73033123300302,0,2,8,0,0,0.025231877093857037,1,2,0,59,0
52,0.5184486914618973,39,19,1,0,0,0.9689959498216975,8,1,0,4,1
2476,6.619818638088722,12,1,9,1,0,0.00608936225279535,1,1,0,61,0
42,4.504174355834365,11,14,1,2,1,0.49482539186582414,4,0,0,12,1
807,20.132851604782708,6,2,11,0,0,0.009057494526856134,2,1,0,93,0
257,1.9328509635276727,7,2,13,0,0,0.005428269474695523,0,0,0,58,0
2612,20.76656324545355,2,2,3,0,0,6.787199467992426e-05,2,0,0,60,0
1534,12.510242110007054,5,1,4,0,0,0.03642284303276646,0,0,0,72,0
539,15.73461863445949,14,0,15,0,0,0.025924785346665535,0,3,0,68,0
2003,12.436886397237828,7,1,14,0,0,0.0027445918176965517,2,3,0,96,0
184,9.147433530229815,9,2,2,0,0,0.0007890619347946942,0,3,0,80,0
1813,10.61376847902114,2,0,14,0,0,0.004682722032354151,1,1,0,55,0
1167,12.377529360599516,8,1,2,0,0,0.012066668857677381,2,3,0,54,0
118,3.638942955317251,40,11,1,2,0,0.981795847901622,4,1,0,28,1
841,12.35052281955139,8,1,12,0,0,0.08004685229723174,2,3,0,72,0
1364,17.808814660371603,4,0,11,0,0,0.04123931475217131,1,1,0,59,0
1418,20.50509919600775,2,2,2,0,0,0.006374297213117906,0,2,0,93,0
208,21.847682170032048,5,1,8,0,0,0.020152459625068272,0,0,0,56,0
377,20.067407848546296,5,2,9,0,0,0.008414537209392312,0,1,0,61,0
1382,13.247332087054373,5,2,11,0,1,0.056373877374344315,0,1,0,93,0
2094,23.578026448606302,4,1,12,0,0,0.03250364068260269,0,3,0,83,0
130,0.23585409133306104,10,19,1,1,1,0.661496940532126,7,0,0,29,1
1529,6.814712940051613,9,2,6,0,0,0.006508067843983545,0,1,0,55,0
2540,13.24192321642645,14,0,9,1,0,0.02807906373087855,1,2,0,92,0
1887,19.24836693740026,14,0,16,0,0,0.04791319235978257,1,2,0,55,0
742,12.790149719733519,7,2,14,0,0,0.0007138896918164594,1,3,0,97,0
2055,1.767822841086768,11,1,4,0,0,0.005252410999733207,0,1,0,51,0
1005,7.29720007282445,2,2,4,0,0,0.02207414705686893,1,3,0,57,0
1643,15.640388875327151,2,0,14,1,0,0.04143844773248089,2,3,0,99,0
2093,18.56231858393117,4,0,18,0,0,0.03925490000053015,1,2,0,58,0
119,1.2698183822767397,21,13,1,0,1,0.5793616341018901,9,0,0,28,1
1374,17.333114931355514,2,2,8,1,0,0.002556729921588238,0,2,0,90,0
1547,8.432005112616407,10,2,8,0,0,0.00221466827586095,2,3,0,97,0
1219,6.055523022933371,3,2,18,0,0,0.0036002693703223055,2,1,0,67,0
2504,21.17702054500213,9,1,7,0,0,0.028414051634401707,1,0,0,62,0
1336,13.055660926701732,4,2,15,0,0,0.00031207128070568767,0,2,0,62,0
514,9.457873968517527,12,0,8,0,0,0.015237116036241038,0,2,0,90,0
248,9.364941869391226,13,1,18,0,0,0.04146948788089508,2,3,1,51,0
2565,6.295661873841008,0,0,19,0,0,0.019694810120199347,2,3,0,97,0
949,13.495912037355632,8,1,8,0,0,0.013359320491714911,2,1,0,75,0
1684,6.229217902210272,2,0,2,0,0,0.06390513765760926,2,1,0,67,0
270,1.5274546591649667,2,0,6,0,0,0.0019100610954312439,0,2,0,88,0
754,5.088626920578709,12,2,10,0,0,0.019662418715310583,0,0,0,99,0
2238,6.847321826219998,14,2,10,0,0,0.016661474887572584,2,1,0,88,0
2417,19.716624631350488,10,2,14,0,0,0.027131415465711677,1,1,0,97,0
2305,2.772794274883596,2,0,11,0,0,0.0010497040486973583,1,0,0,61,0
1364,19.237990175929525,4,0,7,1,0,0.03777678074414697,0,0,0,76,0
1346,22.559125766964883,7,0,2,2,0,0.0047014438783955954,0,2,0,95,0
44,4.208565183772539,34,7,1,3,1,0.5589956747323246,4,1,0,19,1
219,7.337602602048118,10,0,7,0,0,0.019488664177640194,1,0,0,82,0
2662,13.016215344325683,3,2,16,1,0,0.0030081416217969214,0,1,0,67,0
2451,13.956466766760073,2,2,10,0,0,0.0007703310363562624,0,0,0,87,0
1895,18.003778908789783,8,1,19,0,0,0.012252255779884778,0,3,0,85,0
1559,3.363209806405737,5,0,7,2,0,0.007327948268410083,0,1,0,51,0
1427,10.332276878146402,12,1,4,0,0,0.014261857859147433,0,1,0,77,0
86,2.5557164799595435,35,17,1,1,1,0.9087626546551771,9,0,0,19,1
2625,9.630977802181325,14,0,14,0,0,0.012666120316207615,0,3,0,56,0
96,2.363135849100831,10,5,1,1,0,0.7561406540494254,9,1,0,10,1
977,10.049300470962606,14,0,15,0,0,0.01880680854913262,0,1,0,74,0
2219,13.351172232081243,4,2,11,0,0,0.05691350419617093,0,0,0,85,0
2669,13.030948665381047,14,0,5,0,0,0.009637139197767281,0,1,0,89,0
69,2.6780995224768174,43,10,1,1,0,0.45663172025210136,5,1,0,3,1
2545,1.6823691304890158,0,0,14,0,0,0.007026805495795334,1,0,0,85,0
1420,5.209355217398724,9,1,10,0,0,0.007982580877933744,2,0,0,93,0
2862,22.961480839884768,8,1,7,0,0,0.015886775298533645,1,1,0,65,0
1523,13.599047970816347,11,2,2,0,0,0.009084220707688115,1,1,0,99,0
1696,16.547592338486176,10,1,16,0,0,0.01188880822188017,2,3,0,58,0
535,22.28965859058272,1,2,13,0,0,0.058026833381172475,2,0,0,55,0
515,20.102292497311318,7,0,17,0,0,0.000409768713034957,2,1,0,61,0
1187,19.81461523018994,13,2,12,0,0,0.0034856583251041046,1,2,0,75,0
2086,1.0043331898013836,14,1,18,1,0,0.01730589469858694,2,2,0,67,0
803,7.49591066978977,4,1,7,1,0,0.02164280915380222,0,3,0,65,0
2573,11.253191035276267,11,0,7,0,0,0.004348761834901435,2,2,0,53,0
639,16.065214793138495,8,0,2,0,0,0.00020019342460239555,2,1,0,75,0
1638,14.321030873618609,2,1,5,1,0,0.009350987804479129,1,3,0,71,0
1815,18.162766922082287,5,2,8,0,0,0.027737913341242985,0,1,0,59,0
2003,13.126202159315405,1,1,5,0,0,0.03372551539982952,2,3,0,72,0
2737,6.309071350542277,12,2,4,0,0,0.030026132436921232,1,2,0,65,0
1081,11.908633669918991,12,0,19,0,0,0.02435370575274828,1,1,1,91,0
2378,15.538066078643572,10,0,18,0,0,0.003588301308060176,0,2,0,71,0
1033,19.00200893711543,9,1,15,1,0,0.01390175331603898,2,2,0,62,0
1608,3.5472142423360364,6,2,13,0,0,0.003247891575843667,2,1,0,60,0
472,13.577771742427903,9,1,4,0,1,0.022862104660216053,1,0,0,77,0
2555,21.751437279631475,0,0,7,0,0,0.0030590339805542156,1,0,0,87,0
307,6.1431319934151585,14,2,13,0,0,0.02995715873428453,0,3,0,93,0
2308,15.109882188701055,9,0,3,0,0,0.004134242901059573,2,2,0,67,0
1242,17.95322065993718,10,2,7,0,0,0.012955647005000955,2,3,0,87,0
2682,8.669639652708241,1,2,17,1,0,0.011226564389418327,1,2,0,79,0
386,20.928089353135846,6,0,19,0,0,0.0240920106457218,0,2,0,59,0
2055,2.658555137377009,11,0,7,0,0,0.002970640755233116,1,1,0,88,0
1783,17.276831505604232,7,0,6,1,0,0.0074984168325583815,2,0,0,78,0
843,18.99493157758201,10,0,12,0,0,0.030690462794626013,2,2,0,54,0
1100,14.390801474669317,13,1,12,0,0,0.00029882457492289754,2,0,0,74,0
1360,10.139716734681222,0,2,14,0,0,0.0171472005411527,1,2,0,93,0
2646,19.041679734078606,13,1,13,0,0,0.006361353243547665,2,0,0,79,0
2507,12.526518981186223,10,0,13,0,0,0.008336888338677387,0,0,0,75,0
1256,13.626550337157761,8,0,4,0,0,0.008480145327056796,0,1,0,64,0
1961,11.624779543431982,7,1,10,1,0,0.009289007948183065,0,2,0,77,0
2840,14.81401947856343,2,1,7,0,0,0.0015597084327815338,1,2,0,69,0
2384,1.3694228945631415,2,0,19,2,1,0.031914603388369156,1,0,0,75,0
2037,11.35283730718444,5,2,6,0,0,0.008166078079988379,1,0,0,77,0
771,10.898619242888245,10,2,12,0,0,0.011375607169612518,0,3,0,89,0
1385,13.543765788020957,14,1,6,1,0,0.010691051885657318,2,1,0,70,0
2404,4.4036353894142,11,0,3,0,0,0.03188976975588601,2,1,0,54,0
208,20.41772015533382,10,0,13,0,0,0.014236215356688935,1,3,0,82,0
2255,6.214798807240745,4,2,19,0,0,0.007529836113054334,2,1,0,55,0
1774,5.050195840603678,10,2,17,0,0,0.007020235955025334,1,2,0,80,0
1383,8.493931703982346,2,2,6,0,0,0.04600368262586641,0,3,0,75,0
